id_parlamentar_parlametria,id_proposicao,casa
2111,a7e2dab0729304a47ef5577c63300de6,senado
2470,c7b2492911f1799f04aa0753c08ed567,senado
2551,4f89264b58ac80d3dfe1c7d31549a30c,senado
2604,a7e2dab0729304a47ef5577c63300de6,senado
2612,0b012d0a22f60977b1a926fb5396df01,senado
2635,4f89264b58ac80d3dfe1c7d31549a30c,senado
2677,d8a02979d2829415b1b87a300ce96d86,senado
2765,0b012d0a22f60977b1a926fb5396df01,senado
2765,4f89264b58ac80d3dfe1c7d31549a30c,senado
23396,c9127699f9a374ed918550f552928c21,senado
23396,d51d8c078dab1676b4c24b67fc66d4dd,senado
23396,eab412eff6e4986bead75a4752e46cc7,senado
24645,0b012d0a22f60977b1a926fb5396df01,senado
25352,8c68426fefc96e8f847e37ad2edea2f0,senado
25527,a7e2dab0729304a47ef5577c63300de6,senado
25529,554bb22bbf2e508ce083115fa3621486,senado
25540,0b012d0a22f60977b1a926fb5396df01,senado
25540,8023a643cd263b9ef8a530ae4a2990d7,senado
25748,33f9158161f50253d875d8466ba35599,senado
25942,7c4cbac341769f758f433b3f2e0c08c9,senado
25942,be3faa8bc73a1d2d09575d61ea015c2b,senado
25982,a1c79cf4cb95f3e13719e6762018e4f2,senado
25988,118c44a111b807ee8150f8ae25d1ca50,senado
162881,a7e2dab0729304a47ef5577c63300de6,camara
173463,a7e2dab0729304a47ef5577c63300de6,camara
173466,4cf2d59bceb3ed122af69546476551c9,camara
173720,eab412eff6e4986bead75a4752e46cc7,camara
174060,eab412eff6e4986bead75a4752e46cc7,camara
174103,21c535efc8fca9cf39c3a30c61a0a8f8,camara
174537,0cf79d8b72ab0c346e4a307afafeec60,camara
198057,365cfde7265924b5370fd5fdfc549762,camara
1141431,eab412eff6e4986bead75a4752e46cc7,camara
1160527,e0c50cfb097ef9953e6b0150f45c2afc,camara
1160528,cec80148002502e958d645a507a12a29,camara
1160545,7c4cbac341769f758f433b3f2e0c08c9,camara
1160559,01e564eea52292a5487c0e39a9c0115b,camara
1160573,0b012d0a22f60977b1a926fb5396df01,camara
1160600,01e564eea52292a5487c0e39a9c0115b,camara
1160674,554bb22bbf2e508ce083115fa3621486,camara
1178887,cec80148002502e958d645a507a12a29,camara
1178894,0cf79d8b72ab0c346e4a307afafeec60,camara
1178911,4f89264b58ac80d3dfe1c7d31549a30c,camara
1178929,21c535efc8fca9cf39c3a30c61a0a8f8,camara
1178978,21c535efc8fca9cf39c3a30c61a0a8f8,camara
1178990,d51d8c078dab1676b4c24b67fc66d4dd,camara
1204374,7e57cc47376cc09c1d4601ea04733cd9,camara
1204512,d51d8c078dab1676b4c24b67fc66d4dd,camara
1204527,d8a02979d2829415b1b87a300ce96d86,camara
1204576,e0c50cfb097ef9953e6b0150f45c2afc,camara
222,a8c14542283fc3ae070936db80e96f53,senado
2345,fe7cfbab57365f881a499a0d4d95377f,senado
2475,5a7c98cbe272e1fa0b3e4fff8e0aa043,senado
2475,f68848eb3c9393fce88a6b2dfd7b8919,senado
2581,2c804dd3d9aa6cc5fc434f3cdbf2d943,senado
2604,030edaf9011b1ce30f55f11ddb9a57c5,senado
2604,39873bc6679d7a6349c92cd7c9d974ea,senado
2635,3b6dd0da600695a3d7e6fc5c3b584a33,senado
2677,22c76e6b7abdf0cf9b2337ef39e9eaf0,senado
2677,39873bc6679d7a6349c92cd7c9d974ea,senado
2677,87ce7a2c69509ece6fbb75a4c9167588,senado
2739,34d718f1cd9d10f46749a48041456be4,senado
2742,659fb8d260231dc5f5a5b119abad355e,senado
2742,aba9b5dca4b8402d6a9c0c248035af26,senado
2825,55be80a3d1b1a204255237b6f7e5dfc2,senado
21173,5e6e5476f7d00e0cd38bc8442b8cca68,senado
21173,b0ceafc127cd211c3e90c39d88420219,senado
21249,9104fcae3c644d1e87007b78bebd26b9,senado
21249,bc68ebfe9b8a371617b519da303e61f4,senado
23396,e01d193bbc3d825218496f02b85dc88f,senado
23777,901ea08b30f5af43b3da90511ece62ff,senado
23777,b37cb0bcc90da4930e8c49668bf2caf2,senado
23823,5bac63e76ffeab7049afbabb9354c53b,senado
23830,dea3cc9f88092539c590a6102d5751a1,senado
24531,74dc1d8875af5dffa1a2f4f57e2eb7dd,senado
24721,39873bc6679d7a6349c92cd7c9d974ea,senado
24770,5cabaae949c9c7c500d5bd644285b2c5,senado
24770,d4b18b725f0b9a1f51d8b18e4cf5a7e0,senado
24770,f28567abb892a28f38ffa0003ee52e64,senado
24994,e01d193bbc3d825218496f02b85dc88f,senado
25012,39873bc6679d7a6349c92cd7c9d974ea,senado
25236,9104fcae3c644d1e87007b78bebd26b9,senado
25350,f11cbc363d206e4e8af8f64f771a519d,senado
25352,8c68426fefc96e8f847e37ad2edea2f0,senado
25411,681e5415151f9276e56b77ba1550a9e1,senado
25422,30395c7a4b419079d735f8eed28a41fe,senado
25422,e01d193bbc3d825218496f02b85dc88f,senado
25523,4b614be3c2b8afcd60b49785a1ce92d1,senado
25525,47f9307e3b4a113f65dd3a1b77a22930,senado
25525,70422a915a4383eea2823d41b5e44dd6,senado
25525,a70f71abccd6b13c8242d76e33665f53,senado
25525,e39c6a8c3dee62975ea0e6d79ddd0ee2,senado
25527,627993e6465b73a30b1e518f70ab0618,senado
25529,a331a57a6c5a1df24d2b6742bf241050,senado
25531,15d27c8a3e895600fdfdd817553a6770,senado
25531,dbe3f754a672289ad9d9e48018478b8e,senado
25537,ade2d7bbfeb44da4539bdb62ca93e9eb,senado
25540,0f925a3f704fcb3996b9e0201bc5d154,senado
25540,3c733e0c6299f5c2d644ab5ed4828ec4,senado
25540,4117c1b174df534da8eabf0023dce14e,senado
25540,62bb4cf52ca521ada6d5ef6fdf024589,senado
25540,dfb9079d68d7469953b8b9d384fdae7a,senado
25540,e01d193bbc3d825218496f02b85dc88f,senado
25666,e1e4186a587f29a0e6e91fd611b13900,senado
25748,33f9158161f50253d875d8466ba35599,senado
25748,eed579c4fd446be90bd1660204e49cd8,senado
25894,bff1e9a505d0eee2b74f80b3bd9977e2,senado
25895,2d3f7dcbde06c0a4f88f04216b0d4967,senado
25899,657ef36227791c5254b215bab785aaba,senado
25924,8c64c907761438f01638e41fcb28d0ab,senado
25953,0ebf075743d48207c7c03d5ff348ec12,senado
25953,1f91e9eaad9732b2ace2e8589b8b7b2f,senado
25953,556ae3e5173a9d96003aa16281c44f69,senado
25953,99322057d665d20633cbd0d401de297c,senado
25953,f8f266efa4b9dc91e4d1407049f5e820,senado
25967,faa28548a976b41a6261f64b7d3e931c,senado
25973,8d3320d2fbc75a8cad93f633b52f2bc9,senado
25976,9104fcae3c644d1e87007b78bebd26b9,senado
25982,ba9b9c25cbb737369245a9b06d6cff42,senado
25985,1507a1edb062b3a7708253a0532c46a0,senado
25988,d5d1a579ad8a7733803d6a477c34f121,senado
26027,9104fcae3c644d1e87007b78bebd26b9,senado
172442,22c76e6b7abdf0cf9b2337ef39e9eaf0,camara
172912,528e36f7be0c97bcb1ef9c5ad365af3b,camara
173434,541097e7e136236a4db856819ce0b60d,camara
173434,efe8ebf985e4d5c1272841e27b9f7e9f,camara
173466,c1fef5ebaf25110a3a3a66cf7f01788d,camara
173478,870f208aac3f2ab198e962849fca98ad,camara
173535,5bac63e76ffeab7049afbabb9354c53b,camara
173553,ed6f34077089e3f83fd5c2cb406e4876,camara
173556,f2d2c5386c8c09d26f45c9f06f1759b2,camara
173701,e21dab054eb793a92388b2065392c5e7,camara
173701,f236e211d1f86fb8afdf373d77a9c71c,camara
173778,9f90ec4b984f15216bb5bf4374687f85,camara
173778,ed6f34077089e3f83fd5c2cb406e4876,camara
173935,870f208aac3f2ab198e962849fca98ad,camara
174000,870f208aac3f2ab198e962849fca98ad,camara
174010,bf906e4e69a3f0864cf079fc194eed1b,camara
174050,9cc39bc2b73e450095983bfd19d7647a,camara
174050,bf906e4e69a3f0864cf079fc194eed1b,camara
174057,60019a64b9307d80f6243835c6b71c81,camara
174057,d13e5daeb208c070bdc9d43231ee9a73,camara
174075,410c719db9d5359a008fd82675365691,camara
174090,541097e7e136236a4db856819ce0b60d,camara
174111,efe8ebf985e4d5c1272841e27b9f7e9f,camara
174124,f2d2c5386c8c09d26f45c9f06f1759b2,camara
174149,bf906e4e69a3f0864cf079fc194eed1b,camara
174200,2c804dd3d9aa6cc5fc434f3cdbf2d943,camara
174216,b5e4311d58efc78450865cadf4c4a3b5,camara
174230,efe8ebf985e4d5c1272841e27b9f7e9f,camara
174235,f2c29f05b428671905d898597aef608f,camara
174297,efe8ebf985e4d5c1272841e27b9f7e9f,camara
174317,39f5891d7bd0b7907d2118139dfb1912,camara
174317,5175aa16260ec51c9638958b632adcb3,camara
174327,9d362bc498315364b3f36c322a7ca849,camara
174327,f2d2c5386c8c09d26f45c9f06f1759b2,camara
174356,f2c29f05b428671905d898597aef608f,camara
174366,047197c6625748f7bd70093da7a70dbf,camara
174366,5bac63e76ffeab7049afbabb9354c53b,camara
174366,d5d1a579ad8a7733803d6a477c34f121,camara
174467,901ea08b30f5af43b3da90511ece62ff,camara
174471,38ef00b649ac62166d22bff82f3a63ef,camara
174471,bf906e4e69a3f0864cf079fc194eed1b,camara
174655,660c2206d21fee4c2e97bdee149a5018,camara
174765,808d2dec18bd60f246edc20df1cbe442,camara
174838,f818cfd11513f851b61a064bc28f29aa,camara
174842,870f208aac3f2ab198e962849fca98ad,camara
174848,978687bed9e449280c2449365c16625f,camara
180920,bf906e4e69a3f0864cf079fc194eed1b,camara
192346,4b4e67d20be9ae6aa4cbce88d18d0478,camara
192346,70273486ab6f0eef25ca493b5bc6f2bc,camara
192699,47f9307e3b4a113f65dd3a1b77a22930,camara
193083,e39c6a8c3dee62975ea0e6d79ddd0ee2,camara
198057,3e8950044cb3764f05e0a1ad2456d734,camara
198057,d50e1e64f5a683a1e085e0a1060cc78d,camara
1118594,f2c29f05b428671905d898597aef608f,camara
1122158,dea3cc9f88092539c590a6102d5751a1,camara
1124411,bf906e4e69a3f0864cf079fc194eed1b,camara
1133439,76f4a4e8c75077c80a2346f9ce1879df,camara
1137070,829affbd254b5e25303c115ff6ead244,camara
1141391,f2c29f05b428671905d898597aef608f,camara
1141405,eeccb0875b3a84cf4211502b334a4316,camara
1141413,870f208aac3f2ab198e962849fca98ad,camara
1141422,30395c7a4b419079d735f8eed28a41fe,camara
1141422,39873bc6679d7a6349c92cd7c9d974ea,camara
1141433,870f208aac3f2ab198e962849fca98ad,camara
1141447,808d2dec18bd60f246edc20df1cbe442,camara
1141450,55be80a3d1b1a204255237b6f7e5dfc2,camara
1141450,f818cfd11513f851b61a064bc28f29aa,camara
1141451,efe8ebf985e4d5c1272841e27b9f7e9f,camara
1141454,f818cfd11513f851b61a064bc28f29aa,camara
1141459,f818cfd11513f851b61a064bc28f29aa,camara
1141470,eed579c4fd446be90bd1660204e49cd8,camara
1141472,bf906e4e69a3f0864cf079fc194eed1b,camara
1141488,aec2459e9c8fca94352e04a2e934e027,camara
1141496,870f208aac3f2ab198e962849fca98ad,camara
1141508,4b614be3c2b8afcd60b49785a1ce92d1,camara
1141537,bf906e4e69a3f0864cf079fc194eed1b,camara
1141562,f818cfd11513f851b61a064bc28f29aa,camara
1146307,2b181fecc8d5533ca1bc8eae0cf437b4,camara
1146788,812f6149a3a74434aff867d61a32ce30,camara
1151208,f2c29f05b428671905d898597aef608f,camara
1151208,f818cfd11513f851b61a064bc28f29aa,camara
1156190,0f925a3f704fcb3996b9e0201bc5d154,camara
1160509,ed6f34077089e3f83fd5c2cb406e4876,camara
1160512,cbc6c40c38f04d53d014838a413295af,camara
1160527,e0c50cfb097ef9953e6b0150f45c2afc,camara
1160528,cec80148002502e958d645a507a12a29,camara
1160530,f2c29f05b428671905d898597aef608f,camara
1160531,681e5415151f9276e56b77ba1550a9e1,camara
1160531,f2c29f05b428671905d898597aef608f,camara
1160532,3b6dd0da600695a3d7e6fc5c3b584a33,camara
1160543,5aa3bcbad7c4a5038f8d5b99b33e8e57,camara
1160557,f818cfd11513f851b61a064bc28f29aa,camara
1160559,808d2dec18bd60f246edc20df1cbe442,camara
1160569,9cc39bc2b73e450095983bfd19d7647a,camara
1160572,ed6f34077089e3f83fd5c2cb406e4876,camara
1160577,bf906e4e69a3f0864cf079fc194eed1b,camara
1160581,870f208aac3f2ab198e962849fca98ad,camara
1160587,203ae821fd25756d66f5961f719be16a,camara
1160587,958ba2f27eb42878399352c44598abcf,camara
1160598,8096677c0e523c92c8073934cb7bf402,camara
1160600,b37cb0bcc90da4930e8c49668bf2caf2,camara
1160602,490d8bafb1f613c96c4a5fbd56db931e,camara
1160632,2e862aba1df15c626a5f5278312aa5c1,camara
1160632,a86fb79b8cdf60b50748dc80882f2aed,camara
1160639,5cabaae949c9c7c500d5bd644285b2c5,camara
1160639,9cc39bc2b73e450095983bfd19d7647a,camara
1160639,f1656ffb5f8dadf7cc6c6ddd3e0cecab,camara
1160639,fe7cfbab57365f881a499a0d4d95377f,camara
1160654,bf906e4e69a3f0864cf079fc194eed1b,camara
1160664,dc24024849bfdd03178476fb3b0c3f0d,camara
1160665,5edfff7bec62f9662b697c104d3d1f06,camara
1160665,d8923c1efeaaa8ab34a2af3a42bf19a1,camara
1160666,5e6e5476f7d00e0cd38bc8442b8cca68,camara
1160673,74dc1d8875af5dffa1a2f4f57e2eb7dd,camara
1164360,d26f352fef06c4f1c63600e89c9f7935,camara
1167722,bf906e4e69a3f0864cf079fc194eed1b,camara
1178836,9246a2841eb5c14c0053fdc815a743f1,camara
1178836,a964162f7f1f44d64b551de56da95129,camara
1178853,f14428c128dd059d6ed898cbf8be3dbe,camara
1178854,ce8cae7ab2c17c6d6e4d29aaebb75ab1,camara
1178871,1daf3d58be348277eecf99a1ca8f9f56,camara
1178871,2f9960c5629a3e520b7b475dc6ccc4a9,camara
1178871,aca1d119ae12d7ac43b474e43990269e,camara
1178872,aec2459e9c8fca94352e04a2e934e027,camara
1178879,bff1e9a505d0eee2b74f80b3bd9977e2,camara
1178879,eb52361f73403caef7785ce143a01d47,camara
1178879,ed6f34077089e3f83fd5c2cb406e4876,camara
1178884,2bd49015a2f02da38beab1e1cdb1bc19,camara
1178884,5e6e5476f7d00e0cd38bc8442b8cca68,camara
1178884,8d3320d2fbc75a8cad93f633b52f2bc9,camara
1178884,f5e0338ac8e5f8a9d0ead038009b826d,camara
1178886,1daf3d58be348277eecf99a1ca8f9f56,camara
1178886,34d718f1cd9d10f46749a48041456be4,camara
1178887,5175aa16260ec51c9638958b632adcb3,camara
1178887,cec80148002502e958d645a507a12a29,camara
1178900,bf906e4e69a3f0864cf079fc194eed1b,camara
1178910,f2c29f05b428671905d898597aef608f,camara
1178911,808d2dec18bd60f246edc20df1cbe442,camara
1178913,fe7cfbab57365f881a499a0d4d95377f,camara
1178928,b5e4311d58efc78450865cadf4c4a3b5,camara
1178929,9246a2841eb5c14c0053fdc815a743f1,camara
1178933,bf906e4e69a3f0864cf079fc194eed1b,camara
1178946,490d8bafb1f613c96c4a5fbd56db931e,camara
1178956,e400f1f5f27d804050a4da32ecf2ed15,camara
1178959,16431d7a9f3e2ab42488d99b91d07cdb,camara
1178959,38e8b490483c3cf54027d9678f4884d5,camara
1178959,3c733e0c6299f5c2d644ab5ed4828ec4,camara
1178961,823b613cf5a86c818be7867ea92b4ffb,camara
1178962,490d8bafb1f613c96c4a5fbd56db931e,camara
1178964,b5e4311d58efc78450865cadf4c4a3b5,camara
1178970,aec2459e9c8fca94352e04a2e934e027,camara
1178975,e1e4186a587f29a0e6e91fd611b13900,camara
1178977,afc1b6b3de679e56bccdedb225dce0cb,camara
1178986,1f3dd954942a5e88c76a392418fc129a,camara
1178987,657ef36227791c5254b215bab785aaba,camara
1178989,f2d2c5386c8c09d26f45c9f06f1759b2,camara
1178990,aec2459e9c8fca94352e04a2e934e027,camara
1178992,dbe3f754a672289ad9d9e48018478b8e,camara
1178997,e7a4b00d4f2e39406d241c59a46b0c2e,camara
1185500,5e6e5476f7d00e0cd38bc8442b8cca68,camara
1198197,52fbfc4217000a8260578510bba8800f,camara
1198197,71c2f165d449bab7e2a7897559f31b9c,camara
1204352,ce768bb965a4b3f6c4f86622714c0dfb,camara
1204356,a964162f7f1f44d64b551de56da95129,camara
1204359,6083bcf41dfec99a822e37bc640d2a06,camara
1204359,8d0d85a3d93b170bb35e8c0ed79abdaa,camara
1204364,1bc118369be59b1c53d00e2c3149ab77,camara
1204364,75a1da0a082cb8c60b964b93ea147ea4,camara
1204372,f11cbc363d206e4e8af8f64f771a519d,camara
1204374,fc822f1a70ffc888fe9986978337d54a,camara
1204379,57bcfab9c1b3965b0278b505cbb0443a,camara
1204379,89ce154e0c22c69479594f5718be7b1f,camara
1204381,bcac8696f03904da02918b8e7e260dd9,camara
1204381,f28567abb892a28f38ffa0003ee52e64,camara
1204386,1f3dd954942a5e88c76a392418fc129a,camara
1204396,4117c1b174df534da8eabf0023dce14e,camara
1204398,5aa3bcbad7c4a5038f8d5b99b33e8e57,camara
1204398,b0ceafc127cd211c3e90c39d88420219,camara
1204398,b2ae56cdec6ed79aced0fc616298d073,camara
1204398,d77e13a8515ed6b705a9e88fdf596582,camara
1204400,2ae0402adf09a509fb0d1d8a46280632,camara
1204400,fad9f9b739cc2bd58fce57262adc8f19,camara
1204404,bf906e4e69a3f0864cf079fc194eed1b,camara
1204406,d26f352fef06c4f1c63600e89c9f7935,camara
1204406,f72867fe07317d278761deada16140af,camara
1204419,ca18cce08364931e80459c151e29ab5a,camara
1204420,262fb68abec6bf8e898f7372ffd230ec,camara
1204420,9246a2841eb5c14c0053fdc815a743f1,camara
1204430,e087a128b8355eb9cacbd934f657ee2b,camara
1204436,468d219c7647daeb84fd141dc19ec13d,camara
1204436,70471370b5d39a9d782274b18c7c22f2,camara
1204442,f941fd281a343b039e9c5e14dffa965b,camara
1204449,fad9f9b739cc2bd58fce57262adc8f19,camara
1204450,5a7c98cbe272e1fa0b3e4fff8e0aa043,camara
1204450,71f3b86fed7ab60589b84eb94503b99c,camara
1204453,3d7bbefb81802e6577d581e3ce49931e,camara
1204456,addbe5cbcbff19307059328c20ca0475,camara
1204463,afc1b6b3de679e56bccdedb225dce0cb,camara
1204464,f236e211d1f86fb8afdf373d77a9c71c,camara
1204468,4492ccf132e8c3ddb2a0ab1a17f9071d,camara
1204484,2d3f7dcbde06c0a4f88f04216b0d4967,camara
1204488,490d8bafb1f613c96c4a5fbd56db931e,camara
1204494,35f1888d7d17cb65140aabe7b9f98534,camara
1204501,4d2aea0715f50ab13c6c52d52511b328,camara
1204503,4d2aea0715f50ab13c6c52d52511b328,camara
1204504,a8c14542283fc3ae070936db80e96f53,camara
1204510,0437f4175bdbdf08ac3dbb94b1190a36,camara
1204510,3b6dd0da600695a3d7e6fc5c3b584a33,camara
1204513,a964162f7f1f44d64b551de56da95129,camara
1204516,dfb9079d68d7469953b8b9d384fdae7a,camara
1204517,030edaf9011b1ce30f55f11ddb9a57c5,camara
1204517,a70f71abccd6b13c8242d76e33665f53,camara
1204517,b5e4311d58efc78450865cadf4c4a3b5,camara
1204518,1e036b9ab9a2f7914043632e7e4d6660,camara
1204523,788f344150ddd2488708be7472557efb,camara
1204523,7f622b17a6478422cb15a9f00c3e9287,camara
1204527,788f344150ddd2488708be7472557efb,camara
1204528,0bbd26eba72478c506ccef3f6be66b2d,camara
1204537,627993e6465b73a30b1e518f70ab0618,camara
1204537,aba9b5dca4b8402d6a9c0c248035af26,camara
1204540,71f3b86fed7ab60589b84eb94503b99c,camara
1204541,9104fcae3c644d1e87007b78bebd26b9,camara
1204544,28cb52b7b0bfd82744445d319ea2d215,camara
1204546,bc68ebfe9b8a371617b519da303e61f4,camara
1204549,62bb4cf52ca521ada6d5ef6fdf024589,camara
1204551,5d93fecd0a45c2404ec3222fbd759a3d,camara
1204555,f14428c128dd059d6ed898cbf8be3dbe,camara
1204556,70bf5c3f1efa7a5f875c455808b35bb7,camara
1204556,8a8931491373fe02d7f3619053002645,camara
1204560,659fb8d260231dc5f5a5b119abad355e,camara
1204575,aaef91922cf5e7a088f8d9a4abd80776,camara
1204576,bf906e4e69a3f0864cf079fc194eed1b,camara
1204576,e0c50cfb097ef9953e6b0150f45c2afc,camara
238,2ee550b3bcb3e794a5721059ba985ceb,senado
290,5e12e5f3764217290f05d734c081f44e,senado
2111,a7e2dab0729304a47ef5577c63300de6,senado
2285,1af82e91b2c98778f90d7cf2ce4220e1,senado
2345,fe7cfbab57365f881a499a0d4d95377f,senado
2470,c7b2492911f1799f04aa0753c08ed567,senado
2551,4f89264b58ac80d3dfe1c7d31549a30c,senado
2604,030edaf9011b1ce30f55f11ddb9a57c5,senado
2604,a7e2dab0729304a47ef5577c63300de6,senado
2612,0b012d0a22f60977b1a926fb5396df01,senado
2615,3ec661e7c1211c1ef558ebff11ba8655,senado
2635,4f89264b58ac80d3dfe1c7d31549a30c,senado
2635,d6bea11bba17f549660904a4bc7e669f,senado
2677,d8a02979d2829415b1b87a300ce96d86,senado
2715,97cb86c824c259920ddbf310545558b9,senado
2739,34d718f1cd9d10f46749a48041456be4,senado
2765,0b012d0a22f60977b1a926fb5396df01,senado
2765,4f89264b58ac80d3dfe1c7d31549a30c,senado
2952,b9c6bd4c9d0fe633e1193675837b4a29,senado
21002,2ee550b3bcb3e794a5721059ba985ceb,senado
21176,b9c6bd4c9d0fe633e1193675837b4a29,senado
23366,7b3573ddc2a808fcd447db94e22d3ac4,senado
23372,3a80e5f8ad1b342e69c00d29273a6351,senado
23372,b9c6bd4c9d0fe633e1193675837b4a29,senado
23396,c9127699f9a374ed918550f552928c21,senado
23396,d51d8c078dab1676b4c24b67fc66d4dd,senado
23396,e01d193bbc3d825218496f02b85dc88f,senado
23396,eab412eff6e4986bead75a4752e46cc7,senado
23398,b9c6bd4c9d0fe633e1193675837b4a29,senado
23713,eab4756116ba1246da4acf3ab303b173,senado
24527,3a80e5f8ad1b342e69c00d29273a6351,senado
24560,3a80e5f8ad1b342e69c00d29273a6351,senado
24560,8f77140002b2c752fc00029894085851,senado
24560,c9ed8482a0580f1b301dadfe8d905f67,senado
24593,b9c6bd4c9d0fe633e1193675837b4a29,senado
24645,0b012d0a22f60977b1a926fb5396df01,senado
24721,1732b0b9c1dda56feb98bd12eafd0424,senado
24981,17616f03d63d1c483336c7b232f057c2,senado
24981,b9c6bd4c9d0fe633e1193675837b4a29,senado
24988,43bae3f8c01c6a7f9c6fac09befc3041,senado
24990,52481e10e7a5ebc5266e51ef7d234ecf,senado
24990,b9c6bd4c9d0fe633e1193675837b4a29,senado
24994,e01d193bbc3d825218496f02b85dc88f,senado
25000,43bae3f8c01c6a7f9c6fac09befc3041,senado
25004,b9c6bd4c9d0fe633e1193675837b4a29,senado
25012,43bae3f8c01c6a7f9c6fac09befc3041,senado
25012,96ae106fba1e7461a012926a222a582d,senado
25012,d6bea11bba17f549660904a4bc7e669f,senado
25352,8c68426fefc96e8f847e37ad2edea2f0,senado
25385,fcded076be31aa7f99cd59ee38e8095c,senado
25411,f0eaf37e4e262fd07c22ccd484ce886d,senado
25422,6fcce37b40faedb30583718d520571ab,senado
25422,e01d193bbc3d825218496f02b85dc88f,senado
25525,a70f71abccd6b13c8242d76e33665f53,senado
25527,54912958c0dd2e0cd499cb134c3762ca,senado
25527,a7e2dab0729304a47ef5577c63300de6,senado
25527,bdc1a8800cb00717885b5c90fbcab0b9,senado
25529,554bb22bbf2e508ce083115fa3621486,senado
25540,0b012d0a22f60977b1a926fb5396df01,senado
25540,0f925a3f704fcb3996b9e0201bc5d154,senado
25540,8023a643cd263b9ef8a530ae4a2990d7,senado
25540,e01d193bbc3d825218496f02b85dc88f,senado
25718,b5538ce6f5ee64cbc724580efe60b347,senado
25732,3562ced5d136a5326572b94d8b074463,senado
25732,54912958c0dd2e0cd499cb134c3762ca,senado
25748,33f9158161f50253d875d8466ba35599,senado
25899,657ef36227791c5254b215bab785aaba,senado
25905,badab6ead11498dc0a547addb1b009bf,senado
25905,f049bb6aa68bf9e623d33270958eb32c,senado
25929,1732b0b9c1dda56feb98bd12eafd0424,senado
25942,7c4cbac341769f758f433b3f2e0c08c9,senado
25942,be3faa8bc73a1d2d09575d61ea015c2b,senado
25953,0aae05928abb6a83a51cbfd42d935b69,senado
25953,24b766dcc54aa7470ca7e402eee1a33a,senado
25953,d9d7113c526ad5ba3c125c29e7024d67,senado
25979,43bae3f8c01c6a7f9c6fac09befc3041,senado
25982,a1c79cf4cb95f3e13719e6762018e4f2,senado
25982,ba9b9c25cbb737369245a9b06d6cff42,senado
25988,118c44a111b807ee8150f8ae25d1ca50,senado
162881,a7e2dab0729304a47ef5577c63300de6,camara
173434,bdc1a8800cb00717885b5c90fbcab0b9,camara
173463,a7e2dab0729304a47ef5577c63300de6,camara
173463,bbecce8638cc609716b1a8f3057cd858,camara
173466,4cf2d59bceb3ed122af69546476551c9,camara
173466,b32134168f30b2c633e3d02615c975c6,camara
173483,6ec15271bee601ef885a10f49e3910a1,camara
173545,2ee550b3bcb3e794a5721059ba985ceb,camara
173655,6ec15271bee601ef885a10f49e3910a1,camara
173655,7cac50cb4bc5ad50b868707d98e2c435,camara
173674,2ee550b3bcb3e794a5721059ba985ceb,camara
173674,39cc19de19d1af73d0e8be546f058b42,camara
173674,52df375960b57d141d4a616d1b76e93e,camara
173674,fabf1d2bf0aaafab68f7b2c3dc9e4e5c,camara
173701,d9f8204212bfa76133e73018379feee9,camara
173701,e21dab054eb793a92388b2065392c5e7,camara
173718,d11b3645b1c92265f0948b446b3c3782,camara
173720,eab412eff6e4986bead75a4752e46cc7,camara
173761,256da1be740c11a66fdec0c7102bf96f,camara
173768,e0e28b787b7e0e9475833309d95287a4,camara
173777,2ee550b3bcb3e794a5721059ba985ceb,camara
173982,52df375960b57d141d4a616d1b76e93e,camara
173982,ef3d56850958500ee8a258bb95dcdcdf,camara
174010,099ceb66d09b6d87b0fe5d305cbae94e,camara
174010,bf906e4e69a3f0864cf079fc194eed1b,camara
174037,5380177d5a235e67a3079aa402d5413a,camara
174039,8d974ba88f593b800d77db6dc6f1f0f1,camara
174041,3a80e5f8ad1b342e69c00d29273a6351,camara
174041,bbecce8638cc609716b1a8f3057cd858,camara
174044,f0eaf37e4e262fd07c22ccd484ce886d,camara
174050,bf906e4e69a3f0864cf079fc194eed1b,camara
174052,09cf44cab51a171d95f9a8c13c8e41a1,camara
174060,52df375960b57d141d4a616d1b76e93e,camara
174060,eab412eff6e4986bead75a4752e46cc7,camara
174103,21c535efc8fca9cf39c3a30c61a0a8f8,camara
174149,bf906e4e69a3f0864cf079fc194eed1b,camara
174150,2ee550b3bcb3e794a5721059ba985ceb,camara
174162,1861fc92e38e56038410758af021a739,camara
174210,d78aacfccd4e6f2157c6ea88438741c2,camara
174213,4514b86e7b33fc65ee8f43de0e68ad3b,camara
174216,b5e4311d58efc78450865cadf4c4a3b5,camara
174265,2ee550b3bcb3e794a5721059ba985ceb,camara
174274,ef3d56850958500ee8a258bb95dcdcdf,camara
174285,d11b3645b1c92265f0948b446b3c3782,camara
174298,d11b3645b1c92265f0948b446b3c3782,camara
174319,46f420685c909e62f8008fc261127e15,camara
174399,1861fc92e38e56038410758af021a739,camara
174399,54912958c0dd2e0cd499cb134c3762ca,camara
174439,ddce18d2d7ec16344826e8cd12fd658f,camara
174459,e0e28b787b7e0e9475833309d95287a4,camara
174471,bf906e4e69a3f0864cf079fc194eed1b,camara
174474,ddce18d2d7ec16344826e8cd12fd658f,camara
174537,0cf79d8b72ab0c346e4a307afafeec60,camara
174550,ef3d56850958500ee8a258bb95dcdcdf,camara
174558,2ee550b3bcb3e794a5721059ba985ceb,camara
174574,d11b3645b1c92265f0948b446b3c3782,camara
174650,1861fc92e38e56038410758af021a739,camara
174692,2ee550b3bcb3e794a5721059ba985ceb,camara
174787,46f420685c909e62f8008fc261127e15,camara
180920,bf906e4e69a3f0864cf079fc194eed1b,camara
193083,fabf1d2bf0aaafab68f7b2c3dc9e4e5c,camara
193472,46f420685c909e62f8008fc261127e15,camara
197822,b32134168f30b2c633e3d02615c975c6,camara
198057,365cfde7265924b5370fd5fdfc549762,camara
1124411,bf906e4e69a3f0864cf079fc194eed1b,camara
1132056,8d974ba88f593b800d77db6dc6f1f0f1,camara
1132504,5380177d5a235e67a3079aa402d5413a,camara
1133373,b32134168f30b2c633e3d02615c975c6,camara
1141391,61097ea0b3ca27274b8de30f317ca346,camara
1141394,46f420685c909e62f8008fc261127e15,camara
1141417,4a91f3f4737fb9f4db42f27969469511,camara
1141427,61f897fec225401ac1a0ffc2745c6dd8,camara
1141431,eab412eff6e4986bead75a4752e46cc7,camara
1141442,bbecce8638cc609716b1a8f3057cd858,camara
1141454,39cc19de19d1af73d0e8be546f058b42,camara
1141459,4514b86e7b33fc65ee8f43de0e68ad3b,camara
1141472,256da1be740c11a66fdec0c7102bf96f,camara
1141472,61097ea0b3ca27274b8de30f317ca346,camara
1141472,bf906e4e69a3f0864cf079fc194eed1b,camara
1141472,d390008b3a506ca1d96b269a91565187,camara
1141472,e0e28b787b7e0e9475833309d95287a4,camara
1141481,d390008b3a506ca1d96b269a91565187,camara
1141503,b32134168f30b2c633e3d02615c975c6,camara
1141516,5380177d5a235e67a3079aa402d5413a,camara
1141516,bdc1a8800cb00717885b5c90fbcab0b9,camara
1141518,6fcce37b40faedb30583718d520571ab,camara
1141532,bdc1a8800cb00717885b5c90fbcab0b9,camara
1141537,2ee550b3bcb3e794a5721059ba985ceb,camara
1141537,bf906e4e69a3f0864cf079fc194eed1b,camara
1141559,1861fc92e38e56038410758af021a739,camara
1146307,2b181fecc8d5533ca1bc8eae0cf437b4,camara
1156190,0f925a3f704fcb3996b9e0201bc5d154,camara
1157130,e0e28b787b7e0e9475833309d95287a4,camara
1160508,5380177d5a235e67a3079aa402d5413a,camara
1160511,04443ecf493a05761197ce44b2b91039,camara
1160511,39cc19de19d1af73d0e8be546f058b42,camara
1160511,e0e28b787b7e0e9475833309d95287a4,camara
1160527,e0c50cfb097ef9953e6b0150f45c2afc,camara
1160528,04443ecf493a05761197ce44b2b91039,camara
1160528,cec80148002502e958d645a507a12a29,camara
1160538,52df375960b57d141d4a616d1b76e93e,camara
1160545,7c4cbac341769f758f433b3f2e0c08c9,camara
1160549,66ccf888166e100ecdae6dc15b5b4ab6,camara
1160559,01e564eea52292a5487c0e39a9c0115b,camara
1160566,bbecce8638cc609716b1a8f3057cd858,camara
1160567,e95d0fb5b711348945995acc0a23d68f,camara
1160570,1861fc92e38e56038410758af021a739,camara
1160573,0b012d0a22f60977b1a926fb5396df01,camara
1160573,ef3d56850958500ee8a258bb95dcdcdf,camara
1160575,61f897fec225401ac1a0ffc2745c6dd8,camara
1160577,bf906e4e69a3f0864cf079fc194eed1b,camara
1160587,203ae821fd25756d66f5961f719be16a,camara
1160587,ef3d56850958500ee8a258bb95dcdcdf,camara
1160589,b32134168f30b2c633e3d02615c975c6,camara
1160594,d390008b3a506ca1d96b269a91565187,camara
1160598,ddce18d2d7ec16344826e8cd12fd658f,camara
1160600,01e564eea52292a5487c0e39a9c0115b,camara
1160600,1861fc92e38e56038410758af021a739,camara
1160602,4514b86e7b33fc65ee8f43de0e68ad3b,camara
1160602,d390008b3a506ca1d96b269a91565187,camara
1160619,099ceb66d09b6d87b0fe5d305cbae94e,camara
1160639,fe7cfbab57365f881a499a0d4d95377f,camara
1160642,66ccf888166e100ecdae6dc15b5b4ab6,camara
1160649,8d974ba88f593b800d77db6dc6f1f0f1,camara
1160654,bf906e4e69a3f0864cf079fc194eed1b,camara
1160655,099ceb66d09b6d87b0fe5d305cbae94e,camara
1160655,52df375960b57d141d4a616d1b76e93e,camara
1160664,46f420685c909e62f8008fc261127e15,camara
1160665,ef3d56850958500ee8a258bb95dcdcdf,camara
1160666,2ee550b3bcb3e794a5721059ba985ceb,camara
1160674,554bb22bbf2e508ce083115fa3621486,camara
1162332,2ee550b3bcb3e794a5721059ba985ceb,camara
1162332,e54d3e229c9a339b56b43fafc50f9b57,camara
1164361,256da1be740c11a66fdec0c7102bf96f,camara
1167722,bf906e4e69a3f0864cf079fc194eed1b,camara
1168175,52df375960b57d141d4a616d1b76e93e,camara
1178828,ef3d56850958500ee8a258bb95dcdcdf,camara
1178832,61f897fec225401ac1a0ffc2745c6dd8,camara
1178875,e0e28b787b7e0e9475833309d95287a4,camara
1178881,b32134168f30b2c633e3d02615c975c6,camara
1178886,34d718f1cd9d10f46749a48041456be4,camara
1178887,cec80148002502e958d645a507a12a29,camara
1178887,e95d0fb5b711348945995acc0a23d68f,camara
1178888,b8041c2188b14f95cef1b5b2cb36eb67,camara
1178894,0cf79d8b72ab0c346e4a307afafeec60,camara
1178900,bf906e4e69a3f0864cf079fc194eed1b,camara
1178905,4a91f3f4737fb9f4db42f27969469511,camara
1178911,4f89264b58ac80d3dfe1c7d31549a30c,camara
1178912,5380177d5a235e67a3079aa402d5413a,camara
1178913,fe7cfbab57365f881a499a0d4d95377f,camara
1178915,8d974ba88f593b800d77db6dc6f1f0f1,camara
1178916,4514b86e7b33fc65ee8f43de0e68ad3b,camara
1178916,82af32ac88788d88e098803b8faab1b8,camara
1178917,4a91f3f4737fb9f4db42f27969469511,camara
1178928,b5e4311d58efc78450865cadf4c4a3b5,camara
1178929,21c535efc8fca9cf39c3a30c61a0a8f8,camara
1178930,099ceb66d09b6d87b0fe5d305cbae94e,camara
1178933,bf906e4e69a3f0864cf079fc194eed1b,camara
1178961,5380177d5a235e67a3079aa402d5413a,camara
1178962,4514b86e7b33fc65ee8f43de0e68ad3b,camara
1178962,d390008b3a506ca1d96b269a91565187,camara
1178964,b5e4311d58efc78450865cadf4c4a3b5,camara
1178970,7cac50cb4bc5ad50b868707d98e2c435,camara
1178978,21c535efc8fca9cf39c3a30c61a0a8f8,camara
1178982,52df375960b57d141d4a616d1b76e93e,camara
1178986,1f3dd954942a5e88c76a392418fc129a,camara
1178986,9b1c032f1fa1be01be649c5c598b327d,camara
1178986,b8041c2188b14f95cef1b5b2cb36eb67,camara
1178986,d390008b3a506ca1d96b269a91565187,camara
1178987,657ef36227791c5254b215bab785aaba,camara
1178987,b32134168f30b2c633e3d02615c975c6,camara
1178990,d51d8c078dab1676b4c24b67fc66d4dd,camara
1178993,6ec15271bee601ef885a10f49e3910a1,camara
1194260,e4a1d801c23cd0572972d9ad59d14c02,camara
1204352,04443ecf493a05761197ce44b2b91039,camara
1204374,7e57cc47376cc09c1d4601ea04733cd9,camara
1204381,dc4efdef7c07b9069c2d47f902257d09,camara
1204386,1f3dd954942a5e88c76a392418fc129a,camara
1204386,a3d8bfd5d200e41f93592a3d82765130,camara
1204395,dc4efdef7c07b9069c2d47f902257d09,camara
1204398,25aeedc1de860b9780d09883f7526c0e,camara
1204398,894b644825e997da706eecce45587bfd,camara
1204398,b2ae56cdec6ed79aced0fc616298d073,camara
1204404,bf906e4e69a3f0864cf079fc194eed1b,camara
1204405,d9f8204212bfa76133e73018379feee9,camara
1204468,172f45aec37c8ad1647b8d3c03a30e1c,camara
1204468,52098ae3b1c88eecc13d3d47b3db9181,camara
1204472,d78aacfccd4e6f2157c6ea88438741c2,camara
1204488,65ced50aef5733e0af22dedcdbe5d459,camara
1204512,d51d8c078dab1676b4c24b67fc66d4dd,camara
1204517,030edaf9011b1ce30f55f11ddb9a57c5,camara
1204517,a70f71abccd6b13c8242d76e33665f53,camara
1204517,b5e4311d58efc78450865cadf4c4a3b5,camara
1204524,add8eb3734e4655be03a0bd732870f61,camara
1204527,d8a02979d2829415b1b87a300ce96d86,camara
1204527,f0eaf37e4e262fd07c22ccd484ce886d,camara
1204530,dc4efdef7c07b9069c2d47f902257d09,camara
1204530,fd413bbecb633683a6761f80be9181f0,camara
1204537,d11b3645b1c92265f0948b446b3c3782,camara
1204573,d9f8204212bfa76133e73018379feee9,camara
1204576,8d974ba88f593b800d77db6dc6f1f0f1,camara
1204576,bf906e4e69a3f0864cf079fc194eed1b,camara
1204576,e0c50cfb097ef9953e6b0150f45c2afc,camara
29,1328efb4173b1704be69303d13e034e7,senado
228,f80a052836854416ab50f8acc483b111,senado
235,964a195f66c065495b862f0262162c77,senado
272,9ed52bc7780a2f1ee61060baca416d71,senado
274,8daa8c9e5474ab39335be36e90723379,senado
2345,ae9fd9992f842dfc3f1212f2606013c1,senado
2345,fe7cfbab57365f881a499a0d4d95377f,senado
2470,4eebbb353e0284aaef5a610f01fb1d84,senado
2475,43d7e7b388fad857f43beb3a01734801,senado
2475,9b6f077bbe7d9867102a812d2c964cf9,senado
2475,ffa951fb168e11c17eb7e2c6d97411bc,senado
2558,eaeaf21704062c198a181b1e4e79f12a,senado
2631,8daa8c9e5474ab39335be36e90723379,senado
2825,0a758463f8f3abd6f1d3472fda77304c,senado
2825,9bc8d7367ebb74a389f69749062701e4,senado
2825,9ed52bc7780a2f1ee61060baca416d71,senado
2825,ed6be868bf9eac05a972e6ae89f0fd45,senado
2825,f80a052836854416ab50f8acc483b111,senado
2825,fb15c6f2b714994a30c5ab424c052afc,senado
14930,ae9fd9992f842dfc3f1212f2606013c1,camara
14931,772798a61efdaf03ba6d8848994741d9,camara
21023,0df883f36db60bad23add8c341c2082f,senado
21023,7cdd033b658e75cfd990b5ba6baa5fb7,senado
21023,d63b2d50f82d1d70811955782645fd0f,senado
21206,f9fafc8082790904569959ab1ed52339,senado
21249,2aeb72fc98be939e4dcd29acec62a08a,senado
22331,24abbac7c9216dc227abe410d350f26d,senado
22331,2aeb72fc98be939e4dcd29acec62a08a,senado
22331,9bc8d7367ebb74a389f69749062701e4,senado
22331,fb15c6f2b714994a30c5ab424c052afc,senado
22331,fe3d1ee8712c4c44cb17405c616f87a0,senado
23361,bdb5cfe39d33a9f45d43b91c7ed21ba3,senado
23362,1328efb4173b1704be69303d13e034e7,senado
23372,b56cf19f7bfbebc63b329923c79cf652,senado
23372,f80a052836854416ab50f8acc483b111,senado
23375,ea03bb4878d89c87ec04b033a79d1480,senado
23394,9c282715b6f138d58f347711e878d4d5,senado
23396,0e27179ff1bf085bbba1053cbc88d3c6,senado
23396,fd316bbcb04f17159544103652ecb8d6,senado
23399,f80a052836854416ab50f8acc483b111,senado
23400,8daa8c9e5474ab39335be36e90723379,senado
23432,f80a052836854416ab50f8acc483b111,senado
23432,f9fafc8082790904569959ab1ed52339,senado
23634,8daa8c9e5474ab39335be36e90723379,senado
23634,9ed52bc7780a2f1ee61060baca416d71,senado
23695,9ed52bc7780a2f1ee61060baca416d71,senado
23713,9ed52bc7780a2f1ee61060baca416d71,senado
23713,f80a052836854416ab50f8acc483b111,senado
23741,9ed52bc7780a2f1ee61060baca416d71,senado
24575,9c282715b6f138d58f347711e878d4d5,senado
24697,f80a052836854416ab50f8acc483b111,senado
24988,43bae3f8c01c6a7f9c6fac09befc3041,senado
24994,81b776c79783310a43853863cacd225a,senado
25000,43bae3f8c01c6a7f9c6fac09befc3041,senado
25008,7b2cb60935bb6c097bd899a0c7e2d2b4,senado
25010,8daa8c9e5474ab39335be36e90723379,senado
25012,43bae3f8c01c6a7f9c6fac09befc3041,senado
25236,beae8c94e46a688ed1b72cc461972e53,senado
25322,01079b8ba844a3ed62845cae4d215a91,senado
25322,0e3432336cdf09384a5df9894b77ee05,senado
25352,d8d063a2d4d435d622264a224443ba31,senado
25376,00f4635717aa5b4c844505b76dc8829e,senado
25376,c29c3e7caf47c576f6db52e754a77fcb,senado
25411,205b5a6b871ba5689ebf8d9718a9c2ab,senado
25523,9ed52bc7780a2f1ee61060baca416d71,senado
25523,ed6be868bf9eac05a972e6ae89f0fd45,senado
25527,81b776c79783310a43853863cacd225a,senado
25527,c7f0dfe69221b4fbd46c487065fd44ef,senado
25529,08261699bfb1a9550bc325a84a458121,senado
25533,eaeaf21704062c198a181b1e4e79f12a,senado
25535,eaeaf21704062c198a181b1e4e79f12a,senado
25540,9ed52bc7780a2f1ee61060baca416d71,senado
25666,409dfa97127cfda75e95326f2cad7a85,senado
25718,b56febeca94d591051d7e77518d3b010,senado
25748,964a195f66c065495b862f0262162c77,senado
25783,964a195f66c065495b862f0262162c77,senado
25905,29b24e51c1443f49af8ee76015d8857f,senado
25929,0e3432336cdf09384a5df9894b77ee05,senado
25959,c0b626666c3e2adcfec72c7db11b4e25,senado
25976,85b5092f114473a6d42018796bc58f61,senado
25979,39211465523cde2926e4c11d7cca2005,senado
25979,43bae3f8c01c6a7f9c6fac09befc3041,senado
25979,4ccd1754e68486c888e345d690340e51,senado
25979,55a04cde592c938ced12988405d504da,senado
25979,6e780752afc5a64dbd07d7499af0292d,senado
25979,b2afc86d843ffe543d594c60e4f30e2a,senado
25979,f1b4749b4f79b744b6edfa24056daac0,senado
25982,09066a6f1ad97c9f68a7b7fcacac477a,senado
25985,4fbb020b6c1ddf40f761590939b72036,senado
25988,51ef8509c90f717e0a34bb465adbaca2,senado
25988,5651b2bb2813f631ab91dfd9a8a63fdd,senado
25988,b2afc86d843ffe543d594c60e4f30e2a,senado
25988,dde570982e5aefe00fa0210c669e9b09,senado
25998,f1b4749b4f79b744b6edfa24056daac0,senado
26027,52c0e07afedd27cd023782fb8007ab86,senado
166828,f80a052836854416ab50f8acc483b111,camara
168720,eaeaf21704062c198a181b1e4e79f12a,camara
169871,68f0bd755f6e2f7642ee43e2fe91db23,camara
169871,f9fafc8082790904569959ab1ed52339,camara
173433,ae9fd9992f842dfc3f1212f2606013c1,camara
173456,ef8dcbbef8d3857f52ece23c604313af,camara
173463,27b533af1f01ad88f877b6361b2d7b1a,camara
173466,27b533af1f01ad88f877b6361b2d7b1a,camara
173482,5ddab5d7c2fed8ff2570ea7e32514ff1,camara
173486,6e780752afc5a64dbd07d7499af0292d,camara
173645,5685ce235c3e6b3849003ced845935ac,camara
173682,f9fafc8082790904569959ab1ed52339,camara
173701,424eb34a9a79f8c15e3311a626e31205,camara
173767,ef8dcbbef8d3857f52ece23c604313af,camara
173817,6c555677493cd2093211ebe71bf3ecb9,camara
173891,3b400ee2698df4d8fa16857ac5e9ba83,camara
173904,1328efb4173b1704be69303d13e034e7,camara
173926,834d305acb1a6a42c4dde2584d741218,camara
173940,ef8dcbbef8d3857f52ece23c604313af,camara
173943,629ed7e1c228510f6ddc0967aa068f87,camara
173982,62b51b2508a245df80b59bab0b205bda,camara
174037,06300e95125044309535c081d844bc49,camara
174037,68f0bd755f6e2f7642ee43e2fe91db23,camara
174047,6ee7c89e64998e4d482cc504fdb07ceb,camara
174047,d63b2d50f82d1d70811955782645fd0f,camara
174047,ea03bb4878d89c87ec04b033a79d1480,camara
174050,9cc39bc2b73e450095983bfd19d7647a,camara
174050,f9fafc8082790904569959ab1ed52339,camara
174057,0df883f36db60bad23add8c341c2082f,camara
174057,1650650de7c1429fc1788e80d53f5f94,camara
174075,ae9fd9992f842dfc3f1212f2606013c1,camara
174079,409dfa97127cfda75e95326f2cad7a85,camara
174090,ed6be868bf9eac05a972e6ae89f0fd45,camara
174103,21c535efc8fca9cf39c3a30c61a0a8f8,camara
174111,62b51b2508a245df80b59bab0b205bda,camara
174137,ef8dcbbef8d3857f52ece23c604313af,camara
174160,409dfa97127cfda75e95326f2cad7a85,camara
174162,a7da4ffea598c562f0f6211a5806d833,camara
174169,b8fef677129fdb53177fb7b365b734a1,camara
174171,a7da4ffea598c562f0f6211a5806d833,camara
174209,3b400ee2698df4d8fa16857ac5e9ba83,camara
174273,8daa8c9e5474ab39335be36e90723379,camara
174374,5685ce235c3e6b3849003ced845935ac,camara
174374,90f2bfd4176602cd2b58e5c09f657823,camara
174385,435ab7973a84cb25f4b072c421cea35b,camara
174397,68f0bd755f6e2f7642ee43e2fe91db23,camara
174397,90f2bfd4176602cd2b58e5c09f657823,camara
174398,582826c9f8abf1ecba2d36991fc3f26a,camara
174398,7500df3e60ff4756926252536f956f65,camara
174398,ac94986e90852b958c2016394068f204,camara
174449,d63b2d50f82d1d70811955782645fd0f,camara
174467,3b400ee2698df4d8fa16857ac5e9ba83,camara
174533,ef8dcbbef8d3857f52ece23c604313af,camara
174557,b8fef677129fdb53177fb7b365b734a1,camara
174581,68f0bd755f6e2f7642ee43e2fe91db23,camara
174585,04d1bc5d80d733ca73cda26085b4390c,camara
174585,27b533af1f01ad88f877b6361b2d7b1a,camara
174655,27b533af1f01ad88f877b6361b2d7b1a,camara
174655,6c555677493cd2093211ebe71bf3ecb9,camara
174655,964a195f66c065495b862f0262162c77,camara
174655,d59cd112a3b6d3b5201a485415c1dd5f,camara
174665,06300e95125044309535c081d844bc49,camara
174783,3b400ee2698df4d8fa16857ac5e9ba83,camara
174784,d84c605717edaf2777147e94b3600a27,camara
174792,ef8dcbbef8d3857f52ece23c604313af,camara
174794,b8fef677129fdb53177fb7b365b734a1,camara
174848,3cde76b935d09283206c932d0c359edf,camara
174856,8daa8c9e5474ab39335be36e90723379,camara
174856,f80a052836854416ab50f8acc483b111,camara
174862,24abbac7c9216dc227abe410d350f26d,camara
181297,18e1e6a9d5faf86ee9d69e8d956f1440,camara
181297,28e3b4bd2e7cba736a336e81a19845ec,camara
190842,06300e95125044309535c081d844bc49,camara
199654,b988e4a3cc07fcc4d5d629992e1dd4bc,camara
1112437,0d22af7dffbbbcb1ed9ce302485f9423,camara
1112437,964a195f66c065495b862f0262162c77,camara
1114941,27049bceb3ce6dbfedbe524e184c4b73,camara
1129618,24abbac7c9216dc227abe410d350f26d,camara
1129618,62b51b2508a245df80b59bab0b205bda,camara
1133373,edbe0bc8467460f208d52aa9ff8c7e68,camara
1141376,424eb34a9a79f8c15e3311a626e31205,camara
1141381,a7da4ffea598c562f0f6211a5806d833,camara
1141422,b1e1f752dbc1f16c7a78c729aabfb3b3,camara
1141430,cdae3a8310b62760870a612b47a92729,camara
1141439,6c555677493cd2093211ebe71bf3ecb9,camara
1141445,ae9fd9992f842dfc3f1212f2606013c1,camara
1141459,62b51b2508a245df80b59bab0b205bda,camara
1141461,ea03bb4878d89c87ec04b033a79d1480,camara
1141470,1650650de7c1429fc1788e80d53f5f94,camara
1141472,8fe4341f8d98efbb8bb0881573d2485a,camara
1141478,efc296dfbbca27dc1b38e9c12fc01606,camara
1141485,06300e95125044309535c081d844bc49,camara
1141485,ae9fd9992f842dfc3f1212f2606013c1,camara
1141485,cdae3a8310b62760870a612b47a92729,camara
1141490,bdb5cfe39d33a9f45d43b91c7ed21ba3,camara
1141498,62b51b2508a245df80b59bab0b205bda,camara
1141501,8fe4341f8d98efbb8bb0881573d2485a,camara
1141516,3b400ee2698df4d8fa16857ac5e9ba83,camara
1141516,997d5ec3264674c302d9d5d4faf74989,camara
1141518,bdb5cfe39d33a9f45d43b91c7ed21ba3,camara
1141520,68f0bd755f6e2f7642ee43e2fe91db23,camara
1141523,2f85611a31dc99bddd60191e7592f575,camara
1141523,68f0bd755f6e2f7642ee43e2fe91db23,camara
1141552,ac94986e90852b958c2016394068f204,camara
1141555,5dbaacee095f73ab033574495ac8aaba,camara
1146788,1e3902b6cc244c76eceed66445180619,camara
1151208,06300e95125044309535c081d844bc49,camara
1151208,a58d64d46f8c18c4aec2f57ef1724549,camara
1152610,8daa8c9e5474ab39335be36e90723379,camara
1155920,68f0bd755f6e2f7642ee43e2fe91db23,camara
1157130,834d305acb1a6a42c4dde2584d741218,camara
1160529,5ddab5d7c2fed8ff2570ea7e32514ff1,camara
1160552,ed6be868bf9eac05a972e6ae89f0fd45,camara
1160563,3cde76b935d09283206c932d0c359edf,camara
1160565,5ddab5d7c2fed8ff2570ea7e32514ff1,camara
1160569,9cc39bc2b73e450095983bfd19d7647a,camara
1160576,efc296dfbbca27dc1b38e9c12fc01606,camara
1160581,a7da4ffea598c562f0f6211a5806d833,camara
1160587,6e780752afc5a64dbd07d7499af0292d,camara
1160592,e51e796238bce6eb19e77244d5ea12d7,camara
1160598,2317d34ac56f83c149e58dcef5afc1cb,camara
1160598,856f242280137b9d7fbfddf39f46ab7d,camara
1160601,90f2bfd4176602cd2b58e5c09f657823,camara
1160603,801e30bb15fa25121ea19e4f54ca3b1e,camara
1160635,f02ed5004d566b7e5d8bd12026e7348a,camara
1160636,1e3902b6cc244c76eceed66445180619,camara
1160639,06300e95125044309535c081d844bc49,camara
1160639,24abbac7c9216dc227abe410d350f26d,camara
1160639,9cc39bc2b73e450095983bfd19d7647a,camara
1160639,fe3d1ee8712c4c44cb17405c616f87a0,camara
1160639,fe7cfbab57365f881a499a0d4d95377f,camara
1160641,9ed52bc7780a2f1ee61060baca416d71,camara
1160641,ac94986e90852b958c2016394068f204,camara
1160642,435ab7973a84cb25f4b072c421cea35b,camara
1160643,27b533af1f01ad88f877b6361b2d7b1a,camara
1160643,e51e796238bce6eb19e77244d5ea12d7,camara
1160649,24abbac7c9216dc227abe410d350f26d,camara
1160661,3b400ee2698df4d8fa16857ac5e9ba83,camara
1160663,6ee7c89e64998e4d482cc504fdb07ceb,camara
1160664,f9fafc8082790904569959ab1ed52339,camara
1160665,ae9fd9992f842dfc3f1212f2606013c1,camara
1160672,834d305acb1a6a42c4dde2584d741218,camara
1160678,6ee7c89e64998e4d482cc504fdb07ceb,camara
1160678,7500df3e60ff4756926252536f956f65,camara
1160680,68f0bd755f6e2f7642ee43e2fe91db23,camara
1162174,bdb5cfe39d33a9f45d43b91c7ed21ba3,camara
1162175,7500df3e60ff4756926252536f956f65,camara
1163321,62b51b2508a245df80b59bab0b205bda,camara
1163321,ae9fd9992f842dfc3f1212f2606013c1,camara
1164359,964a195f66c065495b862f0262162c77,camara
1164360,39211465523cde2926e4c11d7cca2005,camara
1167722,964a195f66c065495b862f0262162c77,camara
1178825,27049bceb3ce6dbfedbe524e184c4b73,camara
1178832,6a2e47c0ffe490e550884452646a546a,camara
1178832,eaeaf21704062c198a181b1e4e79f12a,camara
1178836,62b51b2508a245df80b59bab0b205bda,camara
1178836,9246a2841eb5c14c0053fdc815a743f1,camara
1178836,f80a052836854416ab50f8acc483b111,camara
1178837,6e780752afc5a64dbd07d7499af0292d,camara
1178870,e617df784ddd4dad9b7cec899a435583,camara
1178873,dec5402139f200cf9e1826ee0a4dc899,camara
1178874,6ee7c89e64998e4d482cc504fdb07ceb,camara
1178874,efc296dfbbca27dc1b38e9c12fc01606,camara
1178876,0c54b29b0cd93a3d5f0c84469032458c,camara
1178876,3b400ee2698df4d8fa16857ac5e9ba83,camara
1178877,772798a61efdaf03ba6d8848994741d9,camara
1178878,1650650de7c1429fc1788e80d53f5f94,camara
1178878,6ee7c89e64998e4d482cc504fdb07ceb,camara
1178878,ac94986e90852b958c2016394068f204,camara
1178884,6ee7c89e64998e4d482cc504fdb07ceb,camara
1178885,27049bceb3ce6dbfedbe524e184c4b73,camara
1178887,90f2bfd4176602cd2b58e5c09f657823,camara
1178893,409dfa97127cfda75e95326f2cad7a85,camara
1178908,90f2bfd4176602cd2b58e5c09f657823,camara
1178912,04d1bc5d80d733ca73cda26085b4390c,camara
1178912,37c6a78752e52291d71418dcfb0514a9,camara
1178912,f02ed5004d566b7e5d8bd12026e7348a,camara
1178913,582826c9f8abf1ecba2d36991fc3f26a,camara
1178913,bdb5cfe39d33a9f45d43b91c7ed21ba3,camara
1178913,d63b2d50f82d1d70811955782645fd0f,camara
1178913,fe7cfbab57365f881a499a0d4d95377f,camara
1178925,c97fe6011808371548b2abbff2d7d497,camara
1178928,6ee7c89e64998e4d482cc504fdb07ceb,camara
1178929,046b3d80c88d6ba9ab90666c9e8fe513,camara
1178929,0fc528af7c188534fc8634e4742e4017,camara
1178929,21c535efc8fca9cf39c3a30c61a0a8f8,camara
1178929,52597e3c2dd96105952c7d9b57d09ac4,camara
1178929,5ddab5d7c2fed8ff2570ea7e32514ff1,camara
1178929,801e30bb15fa25121ea19e4f54ca3b1e,camara
1178929,9246a2841eb5c14c0053fdc815a743f1,camara
1178929,9ef5d10680618847a1827e665f0cb816,camara
1178929,9fd0ae7be00ff2f24f57f76c752305d9,camara
1178929,e617df784ddd4dad9b7cec899a435583,camara
1178930,ed6be868bf9eac05a972e6ae89f0fd45,camara
1178939,6e780752afc5a64dbd07d7499af0292d,camara
1178939,d0be3cd1e6120c0fd917033ad1b6657b,camara
1178945,3b400ee2698df4d8fa16857ac5e9ba83,camara
1178945,f80a052836854416ab50f8acc483b111,camara
1178951,9c282715b6f138d58f347711e878d4d5,camara
1178956,27049bceb3ce6dbfedbe524e184c4b73,camara
1178962,801e30bb15fa25121ea19e4f54ca3b1e,camara
1178966,9fd0ae7be00ff2f24f57f76c752305d9,camara
1178967,ac94986e90852b958c2016394068f204,camara
1178978,0c54b29b0cd93a3d5f0c84469032458c,camara
1178978,21c535efc8fca9cf39c3a30c61a0a8f8,camara
1178978,801e30bb15fa25121ea19e4f54ca3b1e,camara
1178978,edbe0bc8467460f208d52aa9ff8c7e68,camara
1178979,dec5402139f200cf9e1826ee0a4dc899,camara
1178980,efc296dfbbca27dc1b38e9c12fc01606,camara
1178987,d63b2d50f82d1d70811955782645fd0f,camara
1178989,a58d64d46f8c18c4aec2f57ef1724549,camara
1178989,cdae3a8310b62760870a612b47a92729,camara
1178989,dcdcf33b84161b9624211ff14ec4c10e,camara
1178989,dec5402139f200cf9e1826ee0a4dc899,camara
1178992,3b400ee2698df4d8fa16857ac5e9ba83,camara
1194260,0ce7be16aaf1315b0d079d8f34e50c95,camara
1204357,04d1bc5d80d733ca73cda26085b4390c,camara
1204367,96cc17baa237c7d95dd21b5b6e501e16,camara
1204369,ed6be868bf9eac05a972e6ae89f0fd45,camara
1204369,f80a052836854416ab50f8acc483b111,camara
1204371,6a2e47c0ffe490e550884452646a546a,camara
1204377,0ce7be16aaf1315b0d079d8f34e50c95,camara
1204377,772798a61efdaf03ba6d8848994741d9,camara
1204377,cdae3a8310b62760870a612b47a92729,camara
1204381,efc296dfbbca27dc1b38e9c12fc01606,camara
1204398,0e27179ff1bf085bbba1053cbc88d3c6,camara
1204398,200752b267e2deb3a9c03a1ea2625873,camara
1204406,046b3d80c88d6ba9ab90666c9e8fe513,camara
1204406,19b0046045e62aa0b482cd1e04393a6b,camara
1204406,27b533af1f01ad88f877b6361b2d7b1a,camara
1204406,3edd073fbb6632d82b1f37800fb83678,camara
1204406,62b51b2508a245df80b59bab0b205bda,camara
1204409,b988e4a3cc07fcc4d5d629992e1dd4bc,camara
1204418,ea03bb4878d89c87ec04b033a79d1480,camara
1204420,3bddc5964e9007386039820f7636fb33,camara
1204420,9246a2841eb5c14c0053fdc815a743f1,camara
1204422,3b400ee2698df4d8fa16857ac5e9ba83,camara
1204430,eedc0274179470c51243c9bd9ff17fa1,camara
1204436,81198153a957b4538984376e65aa524e,camara
1204451,eaeaf21704062c198a181b1e4e79f12a,camara
1204462,3bddc5964e9007386039820f7636fb33,camara
1204462,9eab50ffe3cddce8277fcc97950a1d32,camara
1204462,b1e1f752dbc1f16c7a78c729aabfb3b3,camara
1204501,edbe0bc8467460f208d52aa9ff8c7e68,camara
1204506,0fc528af7c188534fc8634e4742e4017,camara
1204507,c7bc624115f1700ac2d2698dea1252d7,camara
1204514,9eab50ffe3cddce8277fcc97950a1d32,camara
1204518,41cb59f99ad02469eac6e58ff9417a41,camara
1204533,0b824ee5751e80e1be660173a406642c,camara
1204534,d57bf05912759edf98e4c57611cc213f,camara
1204536,1650650de7c1429fc1788e80d53f5f94,camara
1204536,3cde76b935d09283206c932d0c359edf,camara
1204552,dec5402139f200cf9e1826ee0a4dc899,camara
1204565,efc296dfbbca27dc1b38e9c12fc01606,camara
1204566,96cc17baa237c7d95dd21b5b6e501e16,camara
1204566,d0be3cd1e6120c0fd917033ad1b6657b,camara
238,2ee550b3bcb3e794a5721059ba985ceb,senado
259,bd99acdf99f1ff9f4d0b813a6f79c8cc,senado
2374,c2553c17eeb11bd4aaa51302d18e0099,senado
2470,ababfda8a1156c56da8939e0d736b6ad,senado
2558,9164039dfeaaed072c08829dc69439a5,senado
2558,b03eb53926991d6ffd8939f94e441892,senado
2581,c2553c17eeb11bd4aaa51302d18e0099,senado
2604,9164039dfeaaed072c08829dc69439a5,senado
2677,66bf72c95a5d38a7d2d6e75cb6fb72ba,senado
2677,87ce7a2c69509ece6fbb75a4c9167588,senado
2825,c2553c17eeb11bd4aaa51302d18e0099,senado
2945,b03eb53926991d6ffd8939f94e441892,senado
21002,2ee550b3bcb3e794a5721059ba985ceb,senado
23360,9164039dfeaaed072c08829dc69439a5,senado
23400,bd99acdf99f1ff9f4d0b813a6f79c8cc,senado
23634,3a5d3a2afac997fdd55aaa057173f751,senado
23634,b03eb53926991d6ffd8939f94e441892,senado
23695,3a5d3a2afac997fdd55aaa057173f751,senado
23713,c2553c17eeb11bd4aaa51302d18e0099,senado
24560,ebd7bcadc19ecb000e0c2d1cb1b13900,senado
24981,9164039dfeaaed072c08829dc69439a5,senado
24988,c2553c17eeb11bd4aaa51302d18e0099,senado
24990,e5b4f99521a5c96aca828427c96d5dd2,senado
24994,3f962d059e7c3581edfc7b9dcc70c980,senado
25502,daa56dae713f27b1143ea567d69fbaef,senado
25540,0611354e732971cc0e49b1ef44e94d96,senado
25540,b03eb53926991d6ffd8939f94e441892,senado
25666,ff03ef17c26444027c3de79d8564b1c8,senado
25783,c2553c17eeb11bd4aaa51302d18e0099,senado
25895,c03e810e569b1acb10ba8e62e5941e65,senado
25924,e30b036b37992b6de0aa4f0d80e883b8,senado
166828,0c2e57f3dca2eca3df218cb032f663c4,camara
173424,959d392fdc68eb5a9c74b8e4bfd55f94,camara
173434,0cc81dabcbbf37faf95ca5e694edc3bb,camara
173481,ae3b73e99a74a62a1845b2564badd595,camara
173486,7683343656cece8e9d6e26d2f69ee266,camara
173545,2ee550b3bcb3e794a5721059ba985ceb,camara
173553,f02bd53d9e036c829de29a904b28345c,camara
173569,f3ee4cfa99d227097bf9272d7e15248f,camara
173674,0c2e57f3dca2eca3df218cb032f663c4,camara
173674,2ee550b3bcb3e794a5721059ba985ceb,camara
173768,e0e28b787b7e0e9475833309d95287a4,camara
173777,2ee550b3bcb3e794a5721059ba985ceb,camara
173930,add2dd9056ba966c369dccfa829f3458,camara
173938,f02bd53d9e036c829de29a904b28345c,camara
173992,68cac4f847ac7f646c431125817b9597,camara
174018,d4f04e22c8a602c39104e7bdf3210d12,camara
174040,add2dd9056ba966c369dccfa829f3458,camara
174041,1d20a4801e82184d2484734c1bc9c6ee,camara
174047,bb818d103a456463a4f73d3475c0bebc,camara
174057,bb818d103a456463a4f73d3475c0bebc,camara
174095,5ce4657c57e74ce0b9a747537350969c,camara
174133,959d392fdc68eb5a9c74b8e4bfd55f94,camara
174133,f3ee4cfa99d227097bf9272d7e15248f,camara
174142,d4f04e22c8a602c39104e7bdf3210d12,camara
174148,d4f04e22c8a602c39104e7bdf3210d12,camara
174150,2ee550b3bcb3e794a5721059ba985ceb,camara
174210,d4f04e22c8a602c39104e7bdf3210d12,camara
174253,3a74e738641da826679cc0c74c2ea3a5,camara
174265,2ee550b3bcb3e794a5721059ba985ceb,camara
174283,1d20a4801e82184d2484734c1bc9c6ee,camara
174319,f3ee4cfa99d227097bf9272d7e15248f,camara
174398,c2553c17eeb11bd4aaa51302d18e0099,camara
174459,e0e28b787b7e0e9475833309d95287a4,camara
174556,f02bd53d9e036c829de29a904b28345c,camara
174558,2ee550b3bcb3e794a5721059ba985ceb,camara
174692,2ee550b3bcb3e794a5721059ba985ceb,camara
176287,3a74e738641da826679cc0c74c2ea3a5,camara
192699,0c2e57f3dca2eca3df218cb032f663c4,camara
1109152,f3ee4cfa99d227097bf9272d7e15248f,camara
1132504,1d20a4801e82184d2484734c1bc9c6ee,camara
1134812,f3ee4cfa99d227097bf9272d7e15248f,camara
1137070,a31549178688f2d9b1e1febec58ceaa5,camara
1141386,add2dd9056ba966c369dccfa829f3458,camara
1141413,c2553c17eeb11bd4aaa51302d18e0099,camara
1141430,ae3b73e99a74a62a1845b2564badd595,camara
1141454,dea2ec0f35b3dd5d85fcef95cb7c2437,camara
1141454,f02bd53d9e036c829de29a904b28345c,camara
1141458,959d392fdc68eb5a9c74b8e4bfd55f94,camara
1141466,f3ee4cfa99d227097bf9272d7e15248f,camara
1141472,e0e28b787b7e0e9475833309d95287a4,camara
1141490,68cac4f847ac7f646c431125817b9597,camara
1141498,5ce4657c57e74ce0b9a747537350969c,camara
1141513,add2dd9056ba966c369dccfa829f3458,camara
1141537,2ee550b3bcb3e794a5721059ba985ceb,camara
1141537,ae3b73e99a74a62a1845b2564badd595,camara
1141537,c2553c17eeb11bd4aaa51302d18e0099,camara
1141543,bb818d103a456463a4f73d3475c0bebc,camara
1157130,e0e28b787b7e0e9475833309d95287a4,camara
1160508,c2553c17eeb11bd4aaa51302d18e0099,camara
1160511,e0e28b787b7e0e9475833309d95287a4,camara
1160527,e0c50cfb097ef9953e6b0150f45c2afc,camara
1160557,c2553c17eeb11bd4aaa51302d18e0099,camara
1160567,3a74e738641da826679cc0c74c2ea3a5,camara
1160589,d3aca0ed5217a65a1b345d1896a398b0,camara
1160595,f3ee4cfa99d227097bf9272d7e15248f,camara
1160598,0cc81dabcbbf37faf95ca5e694edc3bb,camara
1160598,19a80a203777ef2d27230cbbcdda4ee3,camara
1160603,0cc81dabcbbf37faf95ca5e694edc3bb,camara
1160639,d354171c4859ed6271c2d1e12bad36c6,camara
1160648,f3ee4cfa99d227097bf9272d7e15248f,camara
1160655,d3aca0ed5217a65a1b345d1896a398b0,camara
1160659,3a74e738641da826679cc0c74c2ea3a5,camara
1160659,ae3b73e99a74a62a1845b2564badd595,camara
1160666,2ee550b3bcb3e794a5721059ba985ceb,camara
1162332,2ee550b3bcb3e794a5721059ba985ceb,camara
1162332,56725fe81faf47535e90c03f67b2d484,camara
1166402,a31549178688f2d9b1e1febec58ceaa5,camara
1167722,7683343656cece8e9d6e26d2f69ee266,camara
1177282,0c2e57f3dca2eca3df218cb032f663c4,camara
1178845,c2553c17eeb11bd4aaa51302d18e0099,camara
1178875,e0e28b787b7e0e9475833309d95287a4,camara
1178886,0cc81dabcbbf37faf95ca5e694edc3bb,camara
1178896,add2dd9056ba966c369dccfa829f3458,camara
1178905,959d392fdc68eb5a9c74b8e4bfd55f94,camara
1178910,ae3b73e99a74a62a1845b2564badd595,camara
1178918,1d20a4801e82184d2484734c1bc9c6ee,camara
1178925,d354171c4859ed6271c2d1e12bad36c6,camara
1178952,add2dd9056ba966c369dccfa829f3458,camara
1178976,f3ee4cfa99d227097bf9272d7e15248f,camara
1179000,ae3b73e99a74a62a1845b2564badd595,camara
1204351,ca8b760c5d5380421453caaa927f94c3,camara
1204404,dea2ec0f35b3dd5d85fcef95cb7c2437,camara
1204404,f3ee4cfa99d227097bf9272d7e15248f,camara
1204410,7683343656cece8e9d6e26d2f69ee266,camara
1204485,a31549178688f2d9b1e1febec58ceaa5,camara
1204494,ae3b73e99a74a62a1845b2564badd595,camara
1204534,7683343656cece8e9d6e26d2f69ee266,camara
1204536,1d20a4801e82184d2484734c1bc9c6ee,camara
1204545,7683343656cece8e9d6e26d2f69ee266,camara
1204576,e0c50cfb097ef9953e6b0150f45c2afc,camara
222,93a193edab2db7173d1d19b6f76fed1f,senado
222,dac7480378915f86c4a9fabbcbabe50b,senado
235,59158e9880d6a6df982c302d82daaadb,senado
287,9d780e5946c32dfde226f326ba511689,senado
290,1226765226ed9c36d5bcf9e55f631264,senado
2285,3c9c6f8459ce0a7c6b31b0588602511b,senado
2285,aa61fd8eb6506c1eb78fa86a0984ef5d,senado
2456,638b4f93616ad9dbe55f70f9751b3a69,senado
2470,4131cd9bbda493e52be3445d40a5d014,senado
2558,81a79525b822183673927f37e65a4b92,senado
2604,39873bc6679d7a6349c92cd7c9d974ea,senado
2613,cef14a2502d0ec0f022b691cd403526d,senado
2615,4131cd9bbda493e52be3445d40a5d014,senado
2643,4131cd9bbda493e52be3445d40a5d014,senado
2677,39873bc6679d7a6349c92cd7c9d974ea,senado
2677,cef14a2502d0ec0f022b691cd403526d,senado
2715,99455cb2b2c021807a29bc01da6136ec,senado
2742,659fb8d260231dc5f5a5b119abad355e,senado
2945,6a99f13bb399edf89cca8df945b6d213,senado
22331,df040b75da0930bb29ed890ed91de952,senado
23361,910ab6e944476e2718a001a41edb2a70,senado
23372,3a80e5f8ad1b342e69c00d29273a6351,senado
23373,cef14a2502d0ec0f022b691cd403526d,senado
23375,6a99f13bb399edf89cca8df945b6d213,senado
23396,8f5252ada06cab86962edb03eb98175b,senado
23396,bcdeae8944e7fd909cde519469e82cf4,senado
23396,cef14a2502d0ec0f022b691cd403526d,senado
23400,2b6ad3ec46cec809bc8c74855a054dbe,senado
23400,6a99f13bb399edf89cca8df945b6d213,senado
23634,6a99f13bb399edf89cca8df945b6d213,senado
23634,f5f8bfed6c7803dbe9a7c445c302af9f,senado
23777,901ea08b30f5af43b3da90511ece62ff,senado
23806,6219017895cd845a0b42563213a0acf3,senado
24527,3a80e5f8ad1b342e69c00d29273a6351,senado
24529,6a99f13bb399edf89cca8df945b6d213,senado
24560,3a80e5f8ad1b342e69c00d29273a6351,senado
24560,c9ed8482a0580f1b301dadfe8d905f67,senado
24721,39873bc6679d7a6349c92cd7c9d974ea,senado
24721,59158e9880d6a6df982c302d82daaadb,senado
24770,230ca0cccc52e9d312858c5d7631b21e,senado
24770,72caa004550ae14b1eb245dab567cfc9,senado
24988,c63c5bcd59bf526a7da76d83a575cb54,senado
24990,8583b4b6ad932790a02452e25e6482d2,senado
25000,ec8e43ab2f66eb42304e6f7f7a8571ec,senado
25012,39873bc6679d7a6349c92cd7c9d974ea,senado
25012,5812a6590eb6919114ba24b2d2bde5ca,senado
25012,96ae106fba1e7461a012926a222a582d,senado
25012,9b49661f54f2d5d8ddbfef30dbc6d31f,senado
25352,98573f848f622d428dc72c2e3e3c55f5,senado
25352,a2c5a25791f4073187a95ab659bcfef5,senado
25411,f0eaf37e4e262fd07c22ccd484ce886d,senado
25422,02768dcb7bf29292eec5a74dd6f9f87c,senado
25422,67ad87eaa198e1e3858e1f1cf349e0dc,senado
25422,6fcce37b40faedb30583718d520571ab,senado
25422,b5b72291b6f81e4ea44b21f7bac07770,senado
25422,ca798977289f3a47b77038cb206fd20e,senado
25422,e79d0d2eff2f3256e4daf8c87a333f67,senado
25523,99455cb2b2c021807a29bc01da6136ec,senado
25527,54912958c0dd2e0cd499cb134c3762ca,senado
25527,7480a3c40577efbee4f67315d9548c28,senado
25527,757e0ad85c614e6499791e09d4a9914a,senado
25527,99455cb2b2c021807a29bc01da6136ec,senado
25529,0afe86ff922e9218967ed3042399a89b,senado
25529,185401d71180b29985ded1a6be463392,senado
25529,21991d645e72ffa033059f7d9625c0de,senado
25529,34fd80d6fbb507209181d290cbfb4785,senado
25529,6c7e052a64eba030df601cec69afcc2d,senado
25529,a2d93c7fdbab434f7bac6b54d120230d,senado
25529,b661aaace8decce260cda242d2adff41,senado
25531,85ba1edab835fcea02919383c7b7c917,senado
25533,c51b7b438d5608ce2568b47c3bce64c3,senado
25533,ea3cf88261768291a2cb50fd37f17651,senado
25540,0b9b19c7007ed3ad5d4cb6e1e1791476,senado
25666,6a44ee2edf284e6396d5b53a3388228c,senado
25666,9b503182eba30f7bcd303cb1fde85f58,senado
25718,b5538ce6f5ee64cbc724580efe60b347,senado
25732,378da3af542b60200c9986fbde0864c9,senado
25732,4d8a1ee22e141a3d7191a3b20d1d80dd,senado
25732,54912958c0dd2e0cd499cb134c3762ca,senado
25732,5f4aea6062aea292777bf44b301a7f65,senado
25732,7cc6144d0645e80e78ad45261813a78b,senado
25732,e404e03f1cb5e30ae938144d1a586c0a,senado
25732,ec8e43ab2f66eb42304e6f7f7a8571ec,senado
25732,f291c47099511af080ec06c5819d1f00,senado
25748,7ca2ef6011062fe131eb3b72d77ae2ad,senado
25895,1364aebf2d834245e0f0149678fbca40,senado
25895,51f9bb2a7a79533d2ee5fc8754655dcc,senado
25905,4c9db3b352bc302589e9c1d3a8e39818,senado
25905,badab6ead11498dc0a547addb1b009bf,senado
25905,f049bb6aa68bf9e623d33270958eb32c,senado
25924,c525ff1fde13faea9f4364ce26a85153,senado
25929,638b4f93616ad9dbe55f70f9751b3a69,senado
25929,b25165685e0e71e9e56bdc046dbb6d5f,senado
25942,0b4315a0dd045a7c52cee7fd10dd6375,senado
25959,5391a19b326fafffc4eb334f928317e6,senado
25967,faa28548a976b41a6261f64b7d3e931c,senado
25979,6869d90d880a6c14d03d6860a231c29d,senado
25979,dd2c6de153bebd93a7d649ac0f5adb6e,senado
25982,2080d6364ee743feec892e25bbe27814,senado
25982,4bfe43856c1be280e6d6b517db7169f6,senado
25982,53fd3c6284807d93f8a84943c0092625,senado
25982,79927d4a9321033f5f7e18515fba2b38,senado
25985,dd1d2119798d47fe7b126a2912472a4f,senado
25988,ca6836b544c9ea6c87b0638d0ac7474d,senado
25988,d5d1a579ad8a7733803d6a477c34f121,senado
26027,8658f3eeada42bd48e009a117ca872a1,senado
162881,00c5835e82ce024a14a4866d04cf049f,camara
164960,ff52538881f532de88300eab9a77af63,camara
173437,e1f96f96f5b013d01f3ab41e3718d5e7,camara
173441,c63c5bcd59bf526a7da76d83a575cb54,camara
173459,2b6ad3ec46cec809bc8c74855a054dbe,camara
173486,77971af26485fcfe3f871a73da834e3c,camara
173534,20e6760f142f6f4077f9f47eac4a3527,camara
173577,fe4d14a700797ad3cc18c0190d5815d7,camara
173696,83df612f66bd021cef35a99be34ba7ee,camara
173778,55cb607d1eb24215ce7f3eea8aa1e192,camara
173778,59ffc8621fa27aa0b2c6a1febcd68b55,camara
173788,39852d660e1fb623caf0ecaed957c46d,camara
173805,e3eb5c8d52e5d8d8a6b25fae1253e094,camara
173891,b650e5140f01498f1332c47ac776fec8,camara
173892,7341960cfca5c1ff03fb292394f3ce25,camara
173928,fe4d14a700797ad3cc18c0190d5815d7,camara
173930,0515908dfab9d84d0195b1334a2abedf,camara
173940,2b6ad3ec46cec809bc8c74855a054dbe,camara
173943,9e9471409d1d05e923b9476e33c63865,camara
173982,ef3d56850958500ee8a258bb95dcdcdf,camara
174039,58a67f08851d2fb59d3eb77fcec70919,camara
174039,7341960cfca5c1ff03fb292394f3ce25,camara
174040,0515908dfab9d84d0195b1334a2abedf,camara
174040,bcbe4e0333792af97d49d4871940c2e3,camara
174041,1d20a4801e82184d2484734c1bc9c6ee,camara
174041,3a80e5f8ad1b342e69c00d29273a6351,camara
174041,94c76be6901bb723144e8934778bbbe6,camara
174044,f0eaf37e4e262fd07c22ccd484ce886d,camara
174045,59ffc8621fa27aa0b2c6a1febcd68b55,camara
174056,5e783f49ccc867fd95f4e802560aca1e,camara
174090,1840219a7f219225e9c4868959e18271,camara
174095,e0c9bc58069b14b0132c42c4d8d85c52,camara
174140,ff52538881f532de88300eab9a77af63,camara
174152,a40176f38d2279f897265d44cf369b23,camara
174159,88cb019630bb34af8bcd0ec869efa5ea,camara
174160,e3eb5c8d52e5d8d8a6b25fae1253e094,camara
174173,39852d660e1fb623caf0ecaed957c46d,camara
174253,f38c74c9ab7d91020f1851496ba2322a,camara
174254,58a67f08851d2fb59d3eb77fcec70919,camara
174254,e3eb5c8d52e5d8d8a6b25fae1253e094,camara
174274,ef3d56850958500ee8a258bb95dcdcdf,camara
174283,1d20a4801e82184d2484734c1bc9c6ee,camara
174319,46f420685c909e62f8008fc261127e15,camara
174366,047197c6625748f7bd70093da7a70dbf,camara
174366,57398f986137ae8c3f9641ba73f4eb2d,camara
174366,d5d1a579ad8a7733803d6a477c34f121,camara
174383,624e3d991e4929cb0d46ea889896a1e0,camara
174399,54912958c0dd2e0cd499cb134c3762ca,camara
174439,9e9471409d1d05e923b9476e33c63865,camara
174439,9fc768e3286062f739b198091f1dc5b0,camara
174467,901ea08b30f5af43b3da90511ece62ff,camara
174550,ef3d56850958500ee8a258bb95dcdcdf,camara
174650,fe4d14a700797ad3cc18c0190d5815d7,camara
174663,88125b7b9dbf5c17fa327b371c89c9a3,camara
174693,88cb019630bb34af8bcd0ec869efa5ea,camara
174787,46f420685c909e62f8008fc261127e15,camara
174793,20e6760f142f6f4077f9f47eac4a3527,camara
174833,2327a466f6c0727820eb3c3b39358847,camara
181055,20720c9590ffc412742b4bd358bfe48e,camara
193472,46f420685c909e62f8008fc261127e15,camara
193472,7341960cfca5c1ff03fb292394f3ce25,camara
193472,7b1acacf754086119599f1408856ac02,camara
1122158,29d04a806897ef2adb5353d0fa40980f,camara
1129618,88cb019630bb34af8bcd0ec869efa5ea,camara
1132504,1d20a4801e82184d2484734c1bc9c6ee,camara
1132504,e0c9bc58069b14b0132c42c4d8d85c52,camara
1133439,2327a466f6c0727820eb3c3b39358847,camara
1133439,471c99b7fe84d79491d554826185b9f2,camara
1133439,5e00fcb276fca31bf20276c56f240003,camara
1133439,9cf9bfee3c016507f39a5527cfafc62c,camara
1133439,a40176f38d2279f897265d44cf369b23,camara
1133439,a70dd1456f1a40a928251e30ef3515c7,camara
1133439,ae256f943ecb4ad27c8a0d616f473fe0,camara
1137853,033655f27acb710024fa5b995f99e494,camara
1141378,59ffc8621fa27aa0b2c6a1febcd68b55,camara
1141389,99455cb2b2c021807a29bc01da6136ec,camara
1141394,46f420685c909e62f8008fc261127e15,camara
1141398,61616c4c0c0b16fc35cd7b89a3130fad,camara
1141405,f2105df211ecf0a62b56d2a70df6164c,camara
1141406,88125b7b9dbf5c17fa327b371c89c9a3,camara
1141408,5e783f49ccc867fd95f4e802560aca1e,camara
1141422,39873bc6679d7a6349c92cd7c9d974ea,camara
1141427,34d9177f10029c26f5347976763e50f3,camara
1141430,9d780e5946c32dfde226f326ba511689,camara
1141439,20720c9590ffc412742b4bd358bfe48e,camara
1141439,75f60888c2d90329aeb6c7f400eb43b9,camara
1141442,e3eb5c8d52e5d8d8a6b25fae1253e094,camara
1141443,2b6ad3ec46cec809bc8c74855a054dbe,camara
1141445,1840219a7f219225e9c4868959e18271,camara
1141454,59ffc8621fa27aa0b2c6a1febcd68b55,camara
1141454,5e783f49ccc867fd95f4e802560aca1e,camara
1141487,00c5835e82ce024a14a4866d04cf049f,camara
1141487,bcbe4e0333792af97d49d4871940c2e3,camara
1141487,bfe0f39818330d7a40803c6d5ac5ba43,camara
1141488,7319a83d8df3e97e564506edbafa1522,camara
1141488,e3eb5c8d52e5d8d8a6b25fae1253e094,camara
1141488,ff52538881f532de88300eab9a77af63,camara
1141490,1840219a7f219225e9c4868959e18271,camara
1141492,59ffc8621fa27aa0b2c6a1febcd68b55,camara
1141508,cffd24475150b252edf574509cace3e1,camara
1141516,c63c5bcd59bf526a7da76d83a575cb54,camara
1141517,1840219a7f219225e9c4868959e18271,camara
1141518,6fcce37b40faedb30583718d520571ab,camara
1141535,b6a873f982c468fe021b24ea75a1a3f5,camara
1141545,fe4d14a700797ad3cc18c0190d5815d7,camara
1141552,fe4d14a700797ad3cc18c0190d5815d7,camara
1141555,2c9e2584c14f9faaeb4e8898356f60a2,camara
1141555,4a642221f74c862969bb7bec43ee83cf,camara
1141555,c63c5bcd59bf526a7da76d83a575cb54,camara
1141555,e1f96f96f5b013d01f3ab41e3718d5e7,camara
1141562,f38c74c9ab7d91020f1851496ba2322a,camara
1151208,f38c74c9ab7d91020f1851496ba2322a,camara
1152610,ae256f943ecb4ad27c8a0d616f473fe0,camara
1152610,e1f96f96f5b013d01f3ab41e3718d5e7,camara
1157130,f5927ad02686bda7ce633977727a8d0e,camara
1160509,61173c90a4f761cdc1908cc2afa61a00,camara
1160510,e3eb5c8d52e5d8d8a6b25fae1253e094,camara
1160511,594301e98c031c4e21c73e738dc01074,camara
1160527,38ea8fc75152b0c293650df930bc5f70,camara
1160537,e3eb5c8d52e5d8d8a6b25fae1253e094,camara
1160541,25debcc918f691a380c93b690dd19b5f,camara
1160545,9e9471409d1d05e923b9476e33c63865,camara
1160567,88125b7b9dbf5c17fa327b371c89c9a3,camara
1160570,b650e5140f01498f1332c47ac776fec8,camara
1160573,ef3d56850958500ee8a258bb95dcdcdf,camara
1160575,c4f063f6de49899936f4e7df1738f356,camara
1160587,88cb019630bb34af8bcd0ec869efa5ea,camara
1160587,c6c01ec65ff7c8d7bacf03681ec9aa1f,camara
1160587,e8f21b6c1b5503b10f78575fd629d056,camara
1160587,ef3d56850958500ee8a258bb95dcdcdf,camara
1160587,f2105df211ecf0a62b56d2a70df6164c,camara
1160587,f96802ae317be8d732fb7329fe1256c0,camara
1160598,033655f27acb710024fa5b995f99e494,camara
1160598,2b6ad3ec46cec809bc8c74855a054dbe,camara
1160598,7319a83d8df3e97e564506edbafa1522,camara
1160607,2385f5921f0df9584353382203992b50,camara
1160617,61173c90a4f761cdc1908cc2afa61a00,camara
1160617,ae256f943ecb4ad27c8a0d616f473fe0,camara
1160617,e1f96f96f5b013d01f3ab41e3718d5e7,camara
1160622,39852d660e1fb623caf0ecaed957c46d,camara
1160633,b650e5140f01498f1332c47ac776fec8,camara
1160653,9fc768e3286062f739b198091f1dc5b0,camara
1160659,2327a466f6c0727820eb3c3b39358847,camara
1160664,46f420685c909e62f8008fc261127e15,camara
1160665,4d9fb1644b5b919bf70a70e696ae8070,camara
1160665,ef3d56850958500ee8a258bb95dcdcdf,camara
1160666,7319a83d8df3e97e564506edbafa1522,camara
1160680,5e783f49ccc867fd95f4e802560aca1e,camara
1162174,a40176f38d2279f897265d44cf369b23,camara
1167722,20e6760f142f6f4077f9f47eac4a3527,camara
1171619,8e2d972de07836aa87b2ac26d0de6927,camara
1177282,e14c2b136639217081a9ede4a7341d53,camara
1178828,ef3d56850958500ee8a258bb95dcdcdf,camara
1178829,f80fbfb6e687d25d3fd7c60858047770,camara
1178834,02af8fce4f1ad2093d7a1a5bb69fb57a,camara
1178834,d887f8c37f86dba6b0a168b7fe45722c,camara
1178835,8c3f38e14c8c412bb95d564e37865ec1,camara
1178840,0f1bda16401083e4a5dae54c7f2831f6,camara
1178849,8c3f38e14c8c412bb95d564e37865ec1,camara
1178852,13e02fd3ac65db72daa5e088a2cb6c20,camara
1178864,6dbcddca736b58b663833006cc84f345,camara
1178865,83df612f66bd021cef35a99be34ba7ee,camara
1178873,b650e5140f01498f1332c47ac776fec8,camara
1178875,a40176f38d2279f897265d44cf369b23,camara
1178875,ff52538881f532de88300eab9a77af63,camara
1178879,40f09742395a669a3a644a3a1a86b6d3,camara
1178879,e14c2b136639217081a9ede4a7341d53,camara
1178879,ff52538881f532de88300eab9a77af63,camara
1178884,4d54f7878f3c60613f3f0dc5170bef5e,camara
1178884,7319a83d8df3e97e564506edbafa1522,camara
1178887,655c8b3ad0aeeca44b034ef385a82045,camara
1178887,8c3f38e14c8c412bb95d564e37865ec1,camara
1178887,9d780e5946c32dfde226f326ba511689,camara
1178887,ace919d81f567ebf410cc59b7818e929,camara
1178893,83df612f66bd021cef35a99be34ba7ee,camara
1178896,59ffc8621fa27aa0b2c6a1febcd68b55,camara
1178897,39852d660e1fb623caf0ecaed957c46d,camara
1178897,88125b7b9dbf5c17fa327b371c89c9a3,camara
1178897,88cb019630bb34af8bcd0ec869efa5ea,camara
1178898,f38c74c9ab7d91020f1851496ba2322a,camara
1178900,f2105df211ecf0a62b56d2a70df6164c,camara
1178912,34d9177f10029c26f5347976763e50f3,camara
1178912,b6a873f982c468fe021b24ea75a1a3f5,camara
1178918,1d20a4801e82184d2484734c1bc9c6ee,camara
1178924,83df612f66bd021cef35a99be34ba7ee,camara
1178946,624e3d991e4929cb0d46ea889896a1e0,camara
1178965,033655f27acb710024fa5b995f99e494,camara
1178966,a5fff90bb0a231482d0c6de5a295b4ac,camara
1178969,0515908dfab9d84d0195b1334a2abedf,camara
1178977,7319a83d8df3e97e564506edbafa1522,camara
1178977,9d780e5946c32dfde226f326ba511689,camara
1178980,00c5835e82ce024a14a4866d04cf049f,camara
1178993,38ea8fc75152b0c293650df930bc5f70,camara
1178996,55cb607d1eb24215ce7f3eea8aa1e192,camara
1181316,e0c9bc58069b14b0132c42c4d8d85c52,camara
1187008,94c76be6901bb723144e8934778bbbe6,camara
1204371,2327a466f6c0727820eb3c3b39358847,camara
1204371,55cb607d1eb24215ce7f3eea8aa1e192,camara
1204371,f4bc70513f62a01a399af79f66d89614,camara
1204374,c1fcd3bfed54532a0f9772d42c0eb352,camara
1204381,f4bc70513f62a01a399af79f66d89614,camara
1204387,c1fcd3bfed54532a0f9772d42c0eb352,camara
1204395,2327a466f6c0727820eb3c3b39358847,camara
1204398,25debcc918f691a380c93b690dd19b5f,camara
1204398,3395b0a9ddb9503bf9d0588295860bd2,camara
1204403,5e783f49ccc867fd95f4e802560aca1e,camara
1204412,687404f05fcd48fe5b0ff342a012cb2a,camara
1204425,6240c3492e6ef1637500a4d312b42bdb,camara
1204430,20e6760f142f6f4077f9f47eac4a3527,camara
1204430,8e2d972de07836aa87b2ac26d0de6927,camara
1204450,495de46a98d5fe71258522be61aaf2cf,camara
1204450,dc509ba7d3451854783fe335cb077d8d,camara
1204461,a70dd1456f1a40a928251e30ef3515c7,camara
1204462,ca04a2b3f30bbd3ac317f92c484ac087,camara
1204468,172f45aec37c8ad1647b8d3c03a30e1c,camara
1204476,bfe0f39818330d7a40803c6d5ac5ba43,camara
1204477,a2c678e1987cad995a930b3e98224b12,camara
1204480,5f46273e95e377310fe43ab7a2127568,camara
1204490,8403a1e8d6e1087868f96c5866d62661,camara
1204494,2c9e2584c14f9faaeb4e8898356f60a2,camara
1204504,9e9471409d1d05e923b9476e33c63865,camara
1204506,34d9177f10029c26f5347976763e50f3,camara
1204507,442914ba549605e2c6d752387a9d0cec,camara
1204512,ace919d81f567ebf410cc59b7818e929,camara
1204516,2969e6a30383edfcf4404cd05e4732a0,camara
1204519,39852d660e1fb623caf0ecaed957c46d,camara
1204519,3a90c77c1697a1546ea99ecfdf6caf26,camara
1204527,f0eaf37e4e262fd07c22ccd484ce886d,camara
1204528,0bbd26eba72478c506ccef3f6be66b2d,camara
1204528,39852d660e1fb623caf0ecaed957c46d,camara
1204528,99455cb2b2c021807a29bc01da6136ec,camara
1204531,4a642221f74c862969bb7bec43ee83cf,camara
1204536,02af8fce4f1ad2093d7a1a5bb69fb57a,camara
1204536,13e02fd3ac65db72daa5e088a2cb6c20,camara
1204536,1d20a4801e82184d2484734c1bc9c6ee,camara
1204536,265e81b64a92adbefb149ba1acbcaffd,camara
1204536,6dbcddca736b58b663833006cc84f345,camara
1204536,7341960cfca5c1ff03fb292394f3ce25,camara
1204536,d887f8c37f86dba6b0a168b7fe45722c,camara
1204536,f4bc70513f62a01a399af79f66d89614,camara
1204543,033655f27acb710024fa5b995f99e494,camara
1204543,1c3f6fa08c25a68cabde17c87effe405,camara
1204543,594301e98c031c4e21c73e738dc01074,camara
1204548,c8700b366b16159a1797c3e3bc6bda6e,camara
1204560,659fb8d260231dc5f5a5b119abad355e,camara
1204569,e1f96f96f5b013d01f3ab41e3718d5e7,camara
1205865,9651b1559f58f6a4e21bc644380dd7b3,camara
