id_proposicao_leggo,casa,casa_origem,sigla
12f28dc3e6767581d500f998267aad4e,camara,camara,PL 3497/2020
4b5f3d3898b274c4705dc9d32a90ee84,camara,camara,PL 1443/2020
2b084b40680b87ebc5aa92b5385c71ec,camara,camara,PLP 137/2020
2bd49015a2f02da38beab1e1cdb1bc19,camara,camara,PDL 87/2020
e816fa8da8145c5f9f23d3a5eb996ffc,camara,camara,PL 2000/2020
1bc2466959107dd5a13fd523afd2ffa3,camara,camara,MPV 996/2020
7d2c2c9c296b17e9d676b687682d2985,camara,camara,PL 725/2020
0abc27ed12e0b55914f8081f29e1dadd,camara,camara,PL 2783/2020
8f93cdbdb0853a45c05c70e825858def,camara,camara,PL 2634/2020
b68f6497d17e9ac45153528c300df7ed,camara,camara,PL 1768/2020
262fb68abec6bf8e898f7372ffd230ec,camara,camara,PL 675/2020
5d74ac6d319696442fe563d3bbcbd01a,senado,senado,PL 3160/2020
23b342a1cb2bfffb4b4848efc90de399,camara,camara,PL 4000/2020
903892d4fedbb18d5aba8f1d95ff1f9c,camara,camara,PL 2636/2020
fb8e85db193719cf7cd5c67d7941ad4f,camara,camara,PL 3671/2020
360cc6fb27de6b1b69762a1083c6b816,camara,camara,PL 2960/2020
1d1fe2d1c5a4ed2ce58149a728417ca8,camara,camara,PL 1482/2020
b9068c25615734e86ce728c69fd2cf94,camara,camara,PL 1813/2020
8719e735f24c060fc7a8509e42535459,camara,camara,PL 3913/2020
8d5c6e471846cc8fb5c16ef8752e6800,camara,camara,PL 2182/2020
ff8b79509cb21c060b52a97fd4a10930,camara,camara,PL 2550/2020
0b2fe98e1c53afbfd2c776bfc91f27c3,camara,camara,PL 1148/2020
1bd6406ffe5445ee9ff14c1ef0875949,camara,camara,PL 3472/2020
4ec063c38f7072f5ebc9a1cf5bc650a7,camara,camara,PL 3107/2020
03eaf3351ec36501a953226d416cdc50,camara,camara,PL 1251/2020
f78a7b220e57f35010658203d94cfcc4,camara,camara,PL 2477/2020
66f549633daab0c2a3bc11a27545da7f,camara,camara,PL 1771/2020
9943b36b4e9f00ce624e523193c4680a,camara,camara,PL 1765/2020
5e6e5476f7d00e0cd38bc8442b8cca68,senado,senado,PLS 51/2016
f47c9b32e81b2003e5cb309c3e3e00ad,camara,camara,PL 3198/2020
3b01325f8248243bfa5efccf0b6bcda4,camara,camara,PLP 184/2020
efa866cc139ba3772d7c4a738e6fc052,camara,camara,PL 3627/2020
b45c908eebe01019727461ef9e146cf6,camara,camara,PL 1639/2020
4492ccf132e8c3ddb2a0ab1a17f9071d,camara,camara,PL 1142/2020
0d463b54b5911bbc8b433f801c986c3a,camara,camara,PL 1371/2020
e106ba1f07c256114d8e91491a512415,camara,camara,PL 2474/2020
68040b63c6c4c870f0b0f2c5475516f7,camara,camara,PL 744/2020
95e0ebb320a29ccd476dc92add424f49,camara,camara,PL 999/2020
690e4f9baf01f30ba207f2b0c496f627,camara,camara,PL 1249/2020
578e1330c41b76a1acd73725a0bd547a,camara,camara,PL 1434/2020
b86f22331b78e60f8f1c4c7ae7e7a37b,camara,camara,PL 2331/2020
aee393fed9fda65ad29412b4dd9dcd3b,camara,camara,PL 3572/2020
aaef91922cf5e7a088f8d9a4abd80776,camara,camara,PL 1562/2020
3160102fad5e44770177b03a38c8229b,camara,camara,PL 1458/2020
594002fb34ba292b5afbf1a35477b5ce,camara,camara,PL 1818/2020
8a59f3d5153da8df1a103802dbf4a554,camara,camara,PL 993/2020
73eb8a5db8fa68d9fb642ea5b5923c4a,camara,camara,PL 1132/2020
9c7c55657770d567d21d0d73374a801d,camara,camara,PL 2389/2020
8c64c907761438f01638e41fcb28d0ab,senado,senado,PL 1328/2020
031d150d5277001238c53ca42a0ebd91,camara,camara,PL 705/2020
ade2d7bbfeb44da4539bdb62ca93e9eb,senado,senado,PL 1886/2020
1748ee8fbd4f3140dc8d5af18d1b0927,camara,camara,PL 1906/2020
d24d71859c8cb4b0e07fe703030728fb,camara,camara,PL 1955/2020
f75ab1bfa73e995e4d5c16f450788e35,camara,camara,PL 3102/2020
781448d04ddb467ee6c2e48bf14e28d7,camara,camara,PL 1940/2020
e1e4186a587f29a0e6e91fd611b13900,senado,senado,PL 1006/2020
75a1da0a082cb8c60b964b93ea147ea4,camara,camara,PL 2068/2020
ebee2b6b39cb39d04b3668ee4177987b,camara,camara,PL 1673/2020
4cad8db7e6edfe62d31aae06c8aca763,camara,camara,PL 667/2020
ac0895d39170e55f4291d527a06f71fc,camara,camara,PL 3961/2020
d8284da248b0f0f0a480f17d395f373b,camara,camara,PL 1643/2020
55bf4970c56b6757e07a8ea59db6bc27,camara,camara,PL 895/2020
8a8931491373fe02d7f3619053002645,camara,camara,PL 2500/2020
8f7e86d3feb94a434b529c72db29d8ea,camara,camara,PL 2633/2020
812f6149a3a74434aff867d61a32ce30,camara,camara,PL 1013/2020
99322057d665d20633cbd0d401de297c,senado,senado,PLS 4/2018
ca767b6c7158405183482f7ff0b7f1f4,camara,camara,PL 1767/2020
b5853b72aa7feb79b13bec97f0ecb854,camara,camara,PL 3471/2020
8940fd56096aaf713413fa46810c6b6d,camara,camara,PL 2202/2020
5a94ce78bce79174c506f11954891dce,camara,camara,PL 1367/2020
d8b09a178519142dd048addc63672b33,camara,camara,PL 2055/2020
0ce3875f857ba2244559639440563080,camara,camara,MPV 966/2020
5bcd2929d9a16256cec3151eace32673,camara,camara,PL 2168/2020
dfb9079d68d7469953b8b9d384fdae7a,senado,camara,MPV 960/2020
4d7a4255484b2fedc93fbb0526415d8a,camara,camara,PL 2605/2020
3e8950044cb3764f05e0a1ad2456d734,camara,camara,PL 2294/2020
5ba45d75436610f1162933c8bbe5c766,camara,camara,PL 3807/2020
e7017bc39c5f3b08faf3b23d1c37d0e8,camara,camara,PL 1677/2020
870f208aac3f2ab198e962849fca98ad,camara,camara,PL 2163/2003
566ada6cc1ae0f02da82dc63749d39ad,camara,camara,PL 3410/2020
31cd425df4e4b32234337d3db1df53b4,camara,camara,PL 2863/2020
5dd79958352dd27b9c1f88310450431c,camara,camara,PL 3144/2020
d658ba500108671edef3dbe354b1ccab,camara,camara,PL 2198/2020
a70f71abccd6b13c8242d76e33665f53,camara,camara,MPV 944/2020
8b9e6a33b0d10d5aa10bd36cef680448,camara,camara,PL 1095/2020
641ec7a093b6f555508bdadbd2fcb0d4,camara,camara,PL 1630/2020
5af016a3e9d7b708ded414a81084870a,camara,camara,PL 1791/2020
0d401227e9bba835c4d40afd15b37012,camara,camara,PL 1376/2020
7a9508af5c5a98a2a3bd0976b6548cff,camara,camara,PL 1083/2020
726ec9ec39c3540adfd5bb96ffd9f2b3,camara,camara,PL 2272/2020
52fbfc4217000a8260578510bba8800f,camara,camara,PL 1485/2020
75bfe7225fcdfbb19530f334b3350229,camara,camara,PL 2230/2020
16431d7a9f3e2ab42488d99b91d07cdb,camara,camara,PL 1409/2020
7360567ae7ad3f6076579d2f97245905,camara,camara,PL 2273/2020
2a2996adfb7bb68409004d0ea31c36b1,camara,camara,PL 1305/2020
70bf5c3f1efa7a5f875c455808b35bb7,camara,camara,PL 10756/2018
347381c5556fd4759ee832bd9bfc283a,camara,camara,PL 2438/2020
9f90ec4b984f15216bb5bf4374687f85,camara,camara,PL 8323/2017
fdc4efd0e88c2b4ef47bae29505eb2ec,camara,camara,PL 1176/2020
be1147b8b7c577d27417b52a857358b1,camara,camara,PL 2280/2020
2a50bb65eebeab67ea590f1abdcb9e52,camara,camara,PL 3516/2020
92c6b29edab90b757b76e897c6ea4397,camara,camara,PL 1111/2020
f49d457fb826ff0a6cda6891304655f4,camara,camara,PL 2339/2020
c1f7e1d7c38d14deb9c05c63a8a7055e,camara,camara,PL 1713/2020
08804072286131329064a4cf8034cd3d,camara,camara,PL 2854/2020
80a48e587ef38ef2700ca5f5c28b6546,camara,camara,PL 3810/2020
9c9d48d8034dde3347e19fe91835a8f9,camara,camara,PL 4070/2020
d84ec50ac4f4d09d1c644de71c4d89d3,camara,camara,PL 3110/2020
cd5509fda935920ad75c1e1a1c0695a9,camara,camara,PL 2283/2020
3c34c0ccb27e0973b3e7738bb4279133,camara,camara,PL 3106/2020
f941fd281a343b039e9c5e14dffa965b,camara,camara,PL 4199/2020
ce768bb965a4b3f6c4f86622714c0dfb,camara,camara,PL 827/2020
60098c5d3c9fb9f1331d522f6a3858e3,camara,camara,PL 1694/2020
655f5b2623bc5c29c3738daab5ae9edd,camara,camara,PL 1779/2020
91b600543e71ff88985790b3f2fe6552,camara,camara,PL 1975/2020
fe7cfbab57365f881a499a0d4d95377f,camara,camara,PEC 15/2015
a627bb69f7536fb659585a9853b2f845,camara,camara,PL 1982/2020
75a797889d0b514533e85a44e5397ab4,camara,camara,PL 2420/2020
91a88ffb2c4e277374d9f328e9b20eb3,camara,camara,PL 2976/2020
203ae821fd25756d66f5961f719be16a,camara,camara,PL 1665/2020
4eba6f6a5d5c2f02ef087d755b655dda,senado,camara,MPV 984/2020
c92c80e074f10551869e6c579bb1bb94,camara,camara,PL 976/2020
0e704c59e0ad27e33691d2c0fb5cdac8,camara,camara,PL 3223/2020
f1af89995a2a6dedc8e583d577bc9276,camara,camara,MPV 949/2020
8e449c5e91777d7db4697f371e2d7d5d,camara,camara,PL 1678/2020
5175aa16260ec51c9638958b632adcb3,camara,NA,PEC 391/2017
659fb8d260231dc5f5a5b119abad355e,camara,camara,MPV 941/2020
4628d5f73312ee879ed458498c5c6ec0,camara,camara,PL 3170/2020
2466458ef071de3a0bba5d196e21b115,camara,camara,PL 2957/2020
654c33d3605f5dc7361215b8d4c29b97,camara,camara,PL 1271/2020
af16109dbff04dd098cf77cfbd9822e4,camara,camara,PL 1411/2020
e087a128b8355eb9cacbd934f657ee2b,camara,camara,PL 1888/2020
cf4ccb869f69d017e735cd1c65d394c6,camara,camara,PL 1553/2020
fe778ee716d829a1782b267dc8d4206a,camara,camara,PL 2278/2020
cbcba24652a43dbe673f50308fc918d2,camara,camara,PL 2657/2020
b81c2e2dca7a3b65597f15fcd29e4f65,camara,camara,PL 3930/2020
2d3f7dcbde06c0a4f88f04216b0d4967,camara,camara,MPV 942/2020
0e5dd89a764d7f9ec6bffc62e6a0e0ef,camara,camara,PL 3730/2020
7f622b17a6478422cb15a9f00c3e9287,camara,camara,PL 5266/2019
c1e0e6e08115596ecefde4b56c3acc93,camara,camara,PL 1115/2020
811e9a7c8975e7edfcf9f0dbee83d981,camara,camara,PL 3131/2020
f4fb6e16db2224236ea591e12f036a3e,camara,camara,PL 1903/2020
490d8bafb1f613c96c4a5fbd56db931e,camara,camara,PL 6054/2013
1507a1edb062b3a7708253a0532c46a0,senado,camara,MPV 976/2020
420f9da84ea8651f08126753c798aeb6,camara,camara,PL 1432/2020
dc8a47d3e5d56251f1d0f01e9558c83e,camara,camara,PL 4097/2020
a8c14542283fc3ae070936db80e96f53,senado,senado,PL 873/2020
4a74aa77ad50b8e5bc406ab2485d8936,camara,camara,PL 3367/2020
05df5bbba83734ef98febca75a691818,camara,camara,PL 611/2020
9d362bc498315364b3f36c322a7ca849,camara,camara,PL 4811/2005
511837233092bcc43beb153d9b6de357,camara,camara,PL 2423/2020
22c76e6b7abdf0cf9b2337ef39e9eaf0,camara,camara,MPV 948/2020
aec2459e9c8fca94352e04a2e934e027,camara,camara,PL 8518/2017
0bbd26eba72478c506ccef3f6be66b2d,camara,camara,PLP 36/2019
7c754ff2d742e92d3405f1832bea3cd6,camara,camara,PL 2250/2020
3270b94d1143b04e4f3ff3e165e8ebd4,camara,camara,PL 2811/2020
e4aad2327720ccbf7c8250365a1b16ff,camara,camara,PDL 310/2020
1e036b9ab9a2f7914043632e7e4d6660,camara,camara,PL 696/2020
9528f3e5fa03fc09bb7466f48f447ea6,camara,camara,PL 1113/2020
62faf10bca22df6a9cd4e3339fa392a4,camara,camara,PL 2559/2020
26af75738c807832db568914415bb9c0,camara,camara,PL 1076/2020
d68c2f3c22492b0b69503bf5af16eb25,senado,senado,PEC 233/2019
d7f02b884c1ef0f1cf52c10175176d75,camara,camara,PL 2270/2020
b37cb0bcc90da4930e8c49668bf2caf2,camara,camara,MPV 925/2020
0b211f215637c149b722ac475f57c6f0,camara,camara,PL 2013/2020
ea1ced2df5c20fc16e17ee090433b2f6,camara,camara,PL 1671/2020
afd344bac886162275b6e8530db6f9d8,camara,camara,PL 2337/2020
2b04c7d3b72b0b15bffff99a8ba77725,camara,camara,PL 3809/2020
afb0a832c0c9920c9430af64a2e59904,senado,camara,MPV 964/2020
684667fd59de25ad8e62a70ddf9d7594,camara,camara,PL 1859/2020
bcc1c87c3103cdddac1eb5844d11a818,camara,camara,PL 2206/2020
9cccc1c5df87836c6d2319ae0cae5998,camara,camara,PL 2059/2020
83e0c321e766943ab3d74dc0f1029655,camara,camara,PL 978/2020
e74370deaa33db747ec90bfe61f1ab9e,camara,camara,PL 3866/2020
5657a9a477dcece35988d1a98a3ffaf8,camara,camara,PL 1564/2020
9cc39bc2b73e450095983bfd19d7647a,camara,camara,PL 3179/2012
aa12140713f2dc0dda21736e1e8d9e1c,camara,camara,PLP 177/2020
cb7dd75ac894f83a5539385e9ab7e391,camara,camara,PL 1835/2020
bd002372397ef11113ba41fe8c4ec1a6,camara,camara,PL 2979/2020
fc17d05aed3de0ba7940b0558cb7c114,camara,camara,PL 984/2020
06028c483eee8f3314c88c98473cb40d,camara,camara,PL 3161/2020
353789166b9a38339234931bcd6c35ca,camara,camara,PL 787/2020
4471047212ada59223aa2627730e2752,camara,camara,PL 2444/2020
a42342a1527adc5b8d27970347957e8a,camara,camara,PL 1784/2020
9e8fb7e6a0190de22808b6b4c77e5f62,camara,camara,PL 1460/2020
7712619f4e808c1346c633c379da5f99,camara,camara,PL 3805/2020
74dc1d8875af5dffa1a2f4f57e2eb7dd,senado,senado,PL 1194/2020
8dc37343e91b0ef2387c24db4a23fcb5,camara,camara,PL 2909/2020
31f596f06bbc076bb6160d98244ae9a4,camara,camara,PL 2138/2020
1f91e9eaad9732b2ace2e8589b8b7b2f,senado,senado,PLS 301/2016
8906a280704dd1c8e707d778cea2ff0e,camara,camara,PL 2137/2020
203683d493c5146256d297c5dd7631fb,camara,camara,PL 1424/2020
f0e3304ac8133788bd975bed30d72060,camara,camara,PL 6162/2019
b2ae56cdec6ed79aced0fc616298d073,camara,camara,PL 3337/2019
9246a2841eb5c14c0053fdc815a743f1,camara,camara,PL 4749/2016
60fb68843a26c6b8333f0443ff8d2531,camara,camara,PL 2462/2020
1ebaa95e786a018aec8954f5bf7077f1,camara,camara,PL 2281/2020
76b53f74f77ad2b3938e678096824a3a,camara,camara,MPV 943/2020
e3521cc574af3f19a717ccbe678cf352,camara,camara,PL 995/2020
2dacd7681aea10ca3cf876bd63575118,camara,camara,PL 1129/2020
4e5828fbb0bb5c451a3629f6f4a5aa35,camara,camara,PL 1175/2015
5c4ae565e6e7071721df78ccfc86b4bd,camara,camara,PL 1455/2020
7d47cc407b181717f57da99b9692bc57,camara,camara,PDL 82/2020
ac9c4a07dc7db4e112710e6f15e5d33d,camara,camara,PL 1780/2020
970b4b5e848e76a4803834281c27cfa6,camara,camara,PL 1608/2020
01f8f801b6689cc8c13d3501a0ca2a74,camara,camara,PL 3246/2020
44ba83428012bba35d71435ae92a3813,camara,camara,PL 2306/2020
5e51fd41a5c1760fdd6f57bd0b0fcad1,camara,camara,PLP 49/2020
1ee65c0cc3bfb18dfde834c5f48776a8,camara,NA,PL 641/2020
0dac48909818f4d8b5c832ffe366d45d,camara,camara,PDL 168/2020
079e21a1b805d68296aa83cdc19877d0,camara,camara,PL 660/2020
99e862a8e3be76d293e3a15f7bcb251e,camara,camara,PL 2180/2020
b892a8c36c3f4991aff0bfcea06472f0,camara,camara,PL 1262/2020
5df214a2ef8523502be26346d34696f4,camara,camara,PL 1158/2020
ec3475babecfd2b6bd18cced6ae3a297,camara,camara,PL 1703/2020
79ec0ae8bb031d02f5bfb8f85e1cf5e3,camara,camara,PL 915/2020
163de04ed290511d49e6d6cdb09d89d5,camara,camara,PL 1159/2020
f3650a7f244c863c16512591370c454d,camara,camara,PL 3232/2020
7e87117e1b381387de9c875142f9dd25,camara,camara,PL 2603/2020
1ec08004053e3d1cd37563b23d26334d,camara,camara,PL 1909/2020
9dca762a5d24c9643c21b3687257c01b,camara,camara,PL 956/2020
3ecb56c86c23bb46cdd277e675b48b5f,camara,camara,PL 3220/2020
4baddd3a19747de6261783e6ca4d7582,camara,camara,PL 2455/2020
c03e77b32dc55cd4ad80304fb695b32c,senado,camara,MPV 972/2020
d84d49e854f3c51613f2a70b278100ea,camara,camara,PL 1180/2020
cec80148002502e958d645a507a12a29,camara,camara,PEC 439/2018
a52f02bf9bde160a2edaa80e8a66869d,camara,camara,PL 1273/2020
ceb495c4a90f27cf40497d489d12e1cd,camara,camara,PL 1739/2020
18d66a74c15306a3fa35f9ba00c29ea2,camara,camara,MPV 965/2020
76f4a4e8c75077c80a2346f9ce1879df,camara,camara,MPV 952/2020
2ae0402adf09a509fb0d1d8a46280632,camara,camara,PL 1494/2020
1cdecfd90a4e8ebf812c2f8664dd65a0,senado,camara,MPV 997/2020
425268d30c860649b4ec6e9630a728f5,camara,camara,PDL 101/2020
3ab90dcb68f006dfddf740ef611be18d,camara,camara,PL 1318/2020
fc822f1a70ffc888fe9986978337d54a,camara,camara,PL 2565/2019
a2f8204ec3923dc49d2a1c82803efe57,camara,camara,PL 1112/2020
d50e1e64f5a683a1e085e0a1060cc78d,camara,camara,PL 2810/2020
a87bf26e5938e23bdcc89aa02f26e43f,camara,camara,PL 2058/2020
bcac8696f03904da02918b8e7e260dd9,camara,camara,PL 985/2020
356fc4c15a10ee8aa8650fb43de96720,camara,camara,PL 6444/2019
79ed1f21250d33e4199ffda273d36271,camara,camara,PL 1684/2020
082af2dd67a9b98208b61c66a65c2547,camara,camara,PL 2476/2020
e630fd9d042f35b2a688b9a907ac66e3,camara,camara,PL 1558/2020
7872e0b131ef579268363af5cc377cc4,camara,camara,PL 1990/2020
5f736edb278a7fec56e2e63544c62825,camara,camara,PL 1154/2020
65fa629aa98ff8cf2108fff99e4d8c8a,camara,camara,PL 1962/2020
62bb4cf52ca521ada6d5ef6fdf024589,camara,camara,MPV 930/2020
3708a0fb65453380e5591b581033d35f,camara,camara,PL 3887/2020
8da5734330cbe80f1fead7291b2a0fea,camara,camara,PL 3964/2020
f236e211d1f86fb8afdf373d77a9c71c,camara,camara,PL 4752/2019
ed5b51ab8181f4c455f2126ef459fbbe,camara,camara,PL 2789/2020
acd7d04ce97fae1ce6c5cc1cc73dd63d,camara,camara,PL 1905/2020
db55176bbb469639dc16b129627515d8,camara,camara,PL 3117/2020
c8c83a4dd925592e479fa7d17ae28a9a,camara,camara,PLP 167/2020
aca1d119ae12d7ac43b474e43990269e,camara,camara,PL 2159/2020
fdcf2b6c60533ef0f0760fb029cc36fb,camara,camara,PL 1036/2020
e0e795c5e727f9d03398cad1c8d003b8,camara,camara,PL 750/2020
98b96ea6ceca4c920e3770d31a453fd2,camara,camara,PL 693/2020
ab74fd0a33d20a6be8c1274f14cbd2ea,camara,camara,PL 2968/2020
63d11f908ec58e82f3886950c3807fe3,camara,camara,PL 7364/2014
f296ede794b8aecc8fad916bb3c64565,camara,camara,PL 3171/2020
9901beddb12c073bee481f8e8d1cd4c0,camara,camara,PL 2770/2020
86d86b3b94f53f9192d7ab8bcdf47b53,camara,camara,PL 1267/2020
db0f60d062003deba207dd96030581d9,camara,camara,PL 3823/2020
46d482171e61af9480e60eb276aa8096,camara,camara,PL 3114/2020
eeccb0875b3a84cf4211502b334a4316,senado,camara,MPV 927/2020
f11cbc363d206e4e8af8f64f771a519d,senado,camara,MPV 977/2020
916b05c344936c7a0490c2995ebc115c,camara,camara,PL 2080/2020
2f9960c5629a3e520b7b475dc6ccc4a9,senado,camara,MPV 993/2020
9d2e8ab4e2083fb9d5c6d1efc304f842,camara,camara,PL 2807/2020
4dc10a806336a32a92eb07326010fa94,camara,camara,PL 3538/2020
f68848eb3c9393fce88a6b2dfd7b8919,senado,senado,PL 1542/2020
2b2475eac4b0bd50f918639f5bf416af,camara,camara,PL 1462/2020
afc1b6b3de679e56bccdedb225dce0cb,camara,NA,PDC 1154/2018
368a48494a7a66287d6d70ca967ed17a,senado,camara,MPV 995/2020
fe023e3805b6813b31245b69387ee27a,camara,camara,PL 2279/2020
e0483d4d439edf144ac8cb14cf496bf1,camara,camara,MPV 985/2020
6b69b0feb1dffdd387e34705928b9325,camara,camara,PL 1309/2020
556ae3e5173a9d96003aa16281c44f69,senado,senado,PLS 436/2018
583a7a56094144599313ad2ed42a37fb,camara,camara,PL 3263/2020
c759c332a7aa3439606dc0625e39642e,camara,camara,PL 1667/2020
c1c70166fcb5a5d866939da035224055,camara,camara,PL 2394/2020
c11adf16e7290696193023c4db09738b,camara,camara,PL 3501/2020
fa8f37a9cb1681a4775a2416dba73fa5,camara,camara,PL 2558/2020
e92223f9c5e4b0694b1149511a6a8fd3,camara,camara,PL 1995/2020
86f049acfb68df14f82d8280548e24a8,camara,camara,PL 1085/2020
627993e6465b73a30b1e518f70ab0618,senado,senado,PL 1179/2020
1bc118369be59b1c53d00e2c3149ab77,camara,camara,PL 4579/2019
c2c14659e54e1600011367e4d8fe7949,camara,camara,PL 1000/2020
9e8545992cf8214a24ab863a112871d7,camara,camara,PL 3163/2020
dc6845bd5bc48802f30baefadad1bb79,camara,camara,PL 1272/2020
fedb75a55ed2b4e98a5d7b99e6a13fab,camara,camara,PL 2843/2020
aba9b5dca4b8402d6a9c0c248035af26,camara,camara,MPV 931/2020
a73c7c5b9b16b9e4319e94bd54602899,camara,camara,PDL 385/2020
89ce154e0c22c69479594f5718be7b1f,camara,camara,PL 1161/2020
abb6a68697397acd026a7334524144c2,camara,camara,PL 2076/2020
8528dfccd8d5139842137154b982faa8,camara,camara,PL 1709/2020
4bbcdef7ae27fe8a1dde58998e256313,camara,camara,PL 3209/2020
03a5c52dd859ff191cbfab33e3e382e9,camara,camara,PL 1500/2020
8096677c0e523c92c8073934cb7bf402,camara,camara,PL 1291/2020
57da6949221d50910df414997642c8c4,camara,camara,PL 1141/2020
e9dffe88b1ee001eb0ab48e4ee260bf1,camara,camara,PL 1959/2020
7dc7dfb611a97b89dcdc6876004b937d,camara,camara,PL 1429/2020
1d40a4c14752c11d915ca8aa8a505efb,camara,camara,PL 1763/2020
f8e5a09dbaebf4652a60a829cb937efc,camara,camara,PL 1910/2020
4c9055c5a31642082ed2e6aa298dc1c0,camara,camara,PL 1548/2020
96ca45c05b195f690ca3b4b44ff888da,camara,camara,PL 2070/2020
d83d686c6cd14332642f8015520ac5ef,camara,camara,PL 1668/2020
28d238af18823e8928475bb532d5f1bf,camara,camara,PL 1902/2020
e14ef28efe045a8d1d1fb8ac7b5189e5,camara,camara,PL 2262/2020
9a3fbf754561a72bd063df75a732910f,camara,camara,PL 4362/2020
442db560efbe70d32f0a8982fa90dac5,camara,camara,PL 2623/2020
2b181fecc8d5533ca1bc8eae0cf437b4,camara,camara,PL 4689/2019
2606e2a45d9eb4afffd5797d15e95962,camara,camara,PL 4311/2020
1b23e5a5a4d2d9c457c7d6b40026c0ae,camara,camara,PL 623/2020
015039ddfba89303365991b68cdbd4a1,camara,camara,PL 2156/2020
ca18cce08364931e80459c151e29ab5a,camara,camara,MPV 992/2020
33f9158161f50253d875d8466ba35599,senado,senado,PEC 54/2019
a0cd3dafaa684e200b15b079ad1536db,camara,camara,PL 1914/2020
5305e1a0c3f0868f1a997da2dc46f8cc,camara,camara,PL 3664/2020
ce8cae7ab2c17c6d6e4d29aaebb75ab1,camara,camara,PDL 316/2020
72d942c4382ced86cf908fe246f40147,camara,camara,PL 1967/2020
003041d8f9b0ecd595de1b87d0525e7c,camara,camara,PL 4025/2020
dc426b6b7f66de4878e5bfba9315549f,camara,camara,PL 3196/2020
5edfff7bec62f9662b697c104d3d1f06,camara,camara,PL 5069/2019
339a22bc413fbcb8dedfa395e19ca291,camara,camara,PL 898/2020
901ea08b30f5af43b3da90511ece62ff,camara,camara,MPV 959/2020
4853f41abe71bca256b951564ff498ed,camara,camara,PL 2275/2020
41a8feae94bd5adc4a1541782fb206e0,camara,camara,PL 4292/2020
7b45d998a68f2175bd0794ae3ee2f26a,camara,camara,PL 2012/2020
4a28c4bdcc33cda0021e80766e9c04d3,camara,camara,PL 3384/2020
98f8fe958a2955bb77f6fcaa54c24f31,camara,camara,PL 2860/2020
8ea746b0e2baedbbf5e10bb70d2f58d5,camara,camara,PL 1216/2020
ced55ba854e20465027e17b5c46e8ad7,camara,camara,PL 1927/2020
c74a91d21e636676a9e78bbbeb12aebc,camara,camara,PL 3249/2020
767ae884d5681cce69870528ef1e7618,camara,camara,PL 3183/2020
e7b9e882db250a303583207fae599d4e,camara,camara,PL 3548/2020
9d835734ed8be2a01498f29542112183,camara,camara,PL 2090/2020
de00226e3a63b6e45fe3f9e6b0489f87,camara,camara,PL 1650/2020
720eabb0d97cfcf3f982b9d6820e8daf,camara,camara,PL 2060/2020
3873f174d0a89f04379955c58ed03e55,camara,camara,PL 2292/2020
0488cf54635b23d6c243304e072f8c62,camara,camara,PL 3431/2020
5a15038f3cb577eba2ba33920f294cd3,camara,camara,PL 818/2020
72941737315dad53756fc59e763f9396,camara,camara,PL 2160/2020
9104fcae3c644d1e87007b78bebd26b9,senado,senado,PL 669/2019
5be57624b4f8d7714756bfc51821a65c,camara,camara,PL 2529/2020
390f87806fd6c6c14e11b1bc55334f1b,camara,camara,PL 2338/2020
45b8fb4ab848952bda01e797a7086572,camara,camara,PL 2447/2020
5aa3bcbad7c4a5038f8d5b99b33e8e57,camara,NA,PL 8455/2017
3d7bbefb81802e6577d581e3ce49931e,camara,camara,PL 1444/2020
313f73641ab6e17b3acedebdd89806a3,camara,camara,PL 2539/2020
242605a56a771d2e5aacc98a7d39bb20,camara,camara,PL 1483/2020
431c027eb9b1a9755ee05e55685b049d,camara,camara,PL 1729/2020
0047793473c84bd1a1624be14afcde63,camara,camara,PL 945/2020
e6eb68c606da3998fb6a32b13acaa0d9,camara,camara,PL 1340/2020
abf36d44d1d50ae7fe64e740e978eb08,camara,camara,PL 3527/2020
faa28548a976b41a6261f64b7d3e931c,senado,senado,PL 2630/2020
7b55957846b3cf8b933770f076e43ae9,camara,camara,PL 1726/2020
5a7c98cbe272e1fa0b3e4fff8e0aa043,camara,camara,MPV 974/2020
e5f3d504151b9448b8a83ec267297fde,senado,camara,MPV 940/2020
2ef9e7c48bbc23cda17e911c06bacc2a,camara,camara,PL 1490/2020
a331a57a6c5a1df24d2b6742bf241050,senado,senado,PLP 133/2020
f1656ffb5f8dadf7cc6c6ddd3e0cecab,camara,camara,PL 2508/2020
bf1fb21681f414a3a79488f05e0e7566,camara,camara,PL 647/2020
71c2f165d449bab7e2a7897559f31b9c,senado,camara,MPV 991/2020
274a5ffbe703df05a77cba3ca1b48d0d,camara,camara,PL 4085/2020
b0ceafc127cd211c3e90c39d88420219,camara,camara,MPV 945/2020
48d92ce54f8b91e93da58d6ed4255b01,camara,camara,PL 2802/2020
0f925a3f704fcb3996b9e0201bc5d154,camara,camara,MPV 946/2020
f2ae4fae11dc113b9ab55152e334038f,camara,camara,PL 2184/2020
7683ec924d0bf9a54fca1640904e2b99,camara,camara,PL 2892/2020
ce62d242fdbdd62ef644491a299a50e5,camara,camara,PL 2325/2020
808d2dec18bd60f246edc20df1cbe442,camara,camara,PL 6279/2013
2ab2020e8f54325d67edf04e7b8bb81d,camara,camara,PL 2135/2020
b5a501b95cd9572a27f59370db6abf75,camara,camara,PL 820/2020
bd6228f3c09a4f2c9ad2391435b9819e,camara,camara,MPV 956/2020
2acfc18d8cfc78135c05afcbee1a9922,camara,camara,PL 1868/2020
25af99ae2a8fa8b6200967bfde6d31d4,camara,camara,PL 2920/2020
07382dae4fd4c9ebda5149cc561896ee,camara,camara,PL 2379/2020
a3ddb01c8ec4f7cccf87fc343e68d85e,camara,camara,PL 2136/2020
ef6b8c0893dfd9a3c3e1c32a3bb7ed45,camara,camara,PL 2502/2020
31d7f0333b7770983e27442ac4ab3914,camara,camara,PLP 34/2020
fad9f9b739cc2bd58fce57262adc8f19,camara,camara,PL 4347/2019
c6e37463baec7cb5875e70ff76a883bd,senado,senado,PEC 30/2020
a8c592e4a00b8816a53b0ab59907a2b5,camara,camara,PL 1088/2020
958ba2f27eb42878399352c44598abcf,camara,camara,PL 1581/2020
bd80e20bd0041785b6aeba1f7b04171c,camara,camara,PL 2596/2020
55be80a3d1b1a204255237b6f7e5dfc2,senado,camara,MPV 932/2020
0758feb5b4d3b3e24cd4cd93f9a3f94e,camara,camara,PL 2678/2020
a7430781a325b71dd7cdfaa52146407e,camara,camara,PL 1819/2020
7bb5f6a33237b989ec3d73fb7d53393b,camara,camara,PL 2446/2020
5e50d9aa64d52594ea44b8708c2f607b,camara,camara,PL 1622/2020
989d14da2a1d2f595b28f7e4f24847d2,camara,camara,PL 1499/2020
e12f9f8b5cbc1e00863bd47ec4092cf5,camara,camara,PLP 62/2020
16af9db6d015cba3d5928a84e8979fa8,camara,camara,PL 3151/2020
d77e13a8515ed6b705a9e88fdf596582,camara,camara,PL 5570/2019
ed6f34077089e3f83fd5c2cb406e4876,camara,camara,PL 4157/2014
8166fb850c6193b875fb0afe8881b67b,camara,camara,PL 2923/2020
6ad71ca6f0ceab2147846ced2efa11c9,camara,camara,PL 4232/2020
70273486ab6f0eef25ca493b5bc6f2bc,camara,camara,PL 6438/2019
9a19482b319d5e9ff15ec1aac805fa8f,camara,camara,PL 1255/2020
b01ac60ee5bcbb5eb36e0bde06e348bc,camara,camara,PL 1555/2020
431ea4ea34cd3310631fc94eecedbd59,camara,camara,PL 1864/2020
0caa466e90733e74d6a32029e9821642,camara,camara,MPV 954/2020
39873bc6679d7a6349c92cd7c9d974ea,senado,senado,PEC 10/2013
768cf67499b8d195caaf647b596ec5a0,camara,camara,PL 1824/2020
1b34ae2885323a4a1e2f04f1c3399ab4,camara,camara,PL 2507/2020
84f8a4faca5bc3fa28779b2669ed14e9,camara,camara,PL 2651/2020
b3f97e413061c49bc3968ba7e6ca3ce7,camara,camara,PL 1846/2020
31cfaf93852f9900bed1bdab2e32d02b,camara,camara,PL 2347/2020
13dc6bb46e9231580e1d4244d0455240,camara,camara,PL 2100/2020
d7bc64c07a4de84c526f9c610cda59ab,camara,camara,PL 6163/2019
7463ec2f963b1015da6b792b0c2c7484,camara,camara,PL 694/2020
63d8f1d0c4033587eda7eaedb0aee7f6,senado,senado,PL 2707/2020
a59e682385a63fc60bf28fab853fc4bb,camara,NA,PL 1766/2019
02bdd0fc39e0e6d1319cd75d2cf2e6d6,camara,camara,PL 1928/2020
5b018a377b8a694efa3bc4296096f6e5,camara,camara,PL 2788/2020
3965df4685a24669895504287c4e64e4,camara,camara,PL 3319/2020
cbc6c40c38f04d53d014838a413295af,camara,camara,PL 2801/2020
657ef36227791c5254b215bab785aaba,camara,camara,MPV 936/2020
ccc6a93e95b81740a2f5d56c3d623139,camara,camara,PL 886/2020
45e81aa70df2f197c337c1c62eff3631,camara,camara,PL 2200/2020
771aab575448e2a1ed8721526dc371da,senado,camara,MPV 937/2020
71545ac38653c3da7246b0959cdc2fe7,camara,camara,PL 1089/2020
097a92924fde3d11306762d15f240a54,camara,camara,PL 1436/2020
3b6dd0da600695a3d7e6fc5c3b584a33,senado,senado,PLS 283/2012
b47444ba4791b35de8b1e2d4fc00442c,camara,camara,PL 1638/2020
ad6fa4ef65ccebeed52af4a6c69e76f6,senado,senado,PL 4414/2020
74dec0526f3704bed779c182c7f2a359,camara,camara,PL 2945/2020
efe8ebf985e4d5c1272841e27b9f7e9f,camara,NA,PL 2295/2000
ebaccad66981f192b15309173d056400,camara,camara,PL 2861/2020
4a5b77be40ce0f1b0c89ba2947e10dcf,camara,camara,PL 1759/2020
addbe5cbcbff19307059328c20ca0475,camara,camara,PL 795/2020
97b7a90aa032e5efdc5c2c190156ad45,camara,camara,PL 1787/2020
4b614be3c2b8afcd60b49785a1ce92d1,camara,camara,PL 1826/2020
6b6620471155f2b9b074ac2d1c3ba540,camara,camara,PL 3505/2020
33a1cccaff211ccc372e0f4dcd748179,camara,camara,PL 2327/2020
3491abb5948fdc2c933f33ce3122dbd0,camara,camara,PL 2779/2020
978687bed9e449280c2449365c16625f,camara,camara,PL 1075/2020
d9a47f0c58ae30a1614a181356b7bdd8,camara,camara,PL 1661/2020
1434e6c2a75e7f094dcdff676b61c30d,senado,senado,PL 6539/2019
b084451e4d3d6222cf40d8f374d7723c,camara,camara,PL 3233/2020
ad64f68df44767e0cea833cb7f9e8564,camara,camara,MPV 990/2020
db5be70756b8b0806fd59f9bf9a47529,camara,camara,PL 1970/2020
43db2fcf55e0b3836ece9a2f844c3f4f,camara,camara,PL 1028/2020
e5c9e9ab18d31fa52c0636a164b39651,camara,camara,PL 2125/2020
3c936f66b84daa6dfb6e9b51565b0fab,camara,camara,PL 1250/2020
664dfe54f739c243857a41fb21291da5,camara,camara,PL 1210/2020
67ebd6ee2ca3c78a063478e0dd388225,camara,camara,PL 2735/2020
e22b1e1f747f28f6a03d7a187e584fe2,camara,camara,MPV 978/2020
07bd69f53d4f32a8e425f7155cb1cbb8,camara,camara,PL 1576/2020
362911252844aed194f3a1be8f21b5d6,camara,camara,PL 2961/2020
954bc0cbda8d37f7013d7530777a49a7,senado,senado,PL 2838/2020
4d1e63b36bc0554e8df53866ca08e113,camara,camara,PL 714/2020
e39c6a8c3dee62975ea0e6d79ddd0ee2,camara,camara,MPV 980/2020
f8f266efa4b9dc91e4d1407049f5e820,senado,senado,PLS 452/2016
5367facdb2a0e88cb853b14154bd0dca,camara,camara,PL 1069/2020
f1f261c592be0940db44e0d814dfbcaa,camara,camara,PL 2017/2020
55c8fbfdd0f5403a018aeda002af1624,camara,camara,PL 3699/2020
173c40131869927d1863184baaca22a3,camara,camara,PL 2300/2020
d4d8b2b5da3ba896fa01604364c7e44d,camara,camara,PL 2978/2020
6229cd17cc64695f2f711cbd385479a2,camara,camara,PL 1396/2020
2e862aba1df15c626a5f5278312aa5c1,camara,camara,PL 786/2020
18d9baf55b0b66ac76ad1eb14164cf04,camara,camara,PL 628/2020
cc943f2955fa0dea5bf1c71e07a6304e,camara,camara,PL 1472/2020
b5e4311d58efc78450865cadf4c4a3b5,camara,camara,PL 7578/2017
7ea19da3fe9235b0e69cf8e7966a78f2,senado,senado,PL 2538/2020
540da6a2a1ab006568075b12b88dd659,camara,camara,PL 2686/2020
e5df564e8303047d3e5c1b19c9cb21ed,camara,camara,PL 1352/2020
8ff52675443e94150a8291d0a5ba3195,camara,camara,PL 2097/2020
c0de8e6b066dfdfd0c0096de685510e1,camara,camara,PL 130/2020
ae40b2584837a49c85aaae02a7be2653,camara,camara,PL 4017/2020
953186be4e0c615ffe5643bc5bfa7b1e,camara,camara,PL 2348/2020
dea3cc9f88092539c590a6102d5751a1,senado,senado,PLP 39/2020
ca745fcfd6c957e6ca88623babf9f6df,camara,camara,PL 3222/2020
4bcce8fc81a28f364352af03eec4e5d8,camara,camara,PL 2134/2020
e4d65a5b102848607995970f1c90e3bb,camara,camara,PL 3065/2019
9128a036b5b1e0d4330e8254397a0952,camara,camara,PL 1023/2020
8344d744dd2d58447561839aa9b673ae,camara,camara,PL 1354/2020
9149026548f9611f9305fd40827db635,camara,camara,PL 1615/2020
6083bcf41dfec99a822e37bc640d2a06,senado,camara,MPV 950/2020
f2c29f05b428671905d898597aef608f,camara,camara,PL 6407/2013
8d0792ec04c87f56eae3e0ff86cf8ff4,camara,camara,PL 1491/2020
ebaa679836749f4bcb7f06269972bec5,camara,camara,PL 5387/2019
127d35f5750b61cd4d6316faa60fff78,camara,camara,PL 3959/2020
d25d0167b08f43a21f3a0ddc9aaab0c5,camara,camara,PL 1911/2020
422824c4dfbdd366402a6d572187c703,camara,camara,MPV 957/2020
d26b0638f9981416c01728056e01287f,camara,camara,PL 3971/2020
d8deca2d84f971c6139183497e8c9391,camara,camara,PL 3034/2020
1507a49676e834c9e6e1b9b3fc369796,camara,camara,PL 2722/2020
7454e20f884bc6af888ca4cc58ce2194,camara,camara,PL 1754/2020
261cff7fe671ccaaa07fb3e6e9d83f7f,camara,camara,PLP 209/2020
d8923c1efeaaa8ab34a2af3a42bf19a1,camara,camara,PL 6423/2019
71f3b86fed7ab60589b84eb94503b99c,camara,camara,PL 1985/2019
184dfaec861deaeac7315b4159d1c74f,camara,camara,PL 3752/2020
f2fa593d2e5894054f699437cdfc1971,camara,camara,PLP 28/2020
8ca351bfa42ce06c328f9927764be115,camara,camara,PL 3580/2020
7a334e11275cf01fd52e7392a93516e6,camara,camara,PL 1010/2020
26cf107847f4765c3f00b02e97cd02da,camara,camara,PL 3056/2020
4d76f1c3d94660ebdba3797d4d2b0d2b,senado,senado,PEC 28/2020
92cd677ed7fccdf0f83fcd158ef3711e,camara,camara,PL 2865/2020
b3ac81553b831580081dcc6b699df885,camara,camara,PL 3067/2020
6387b78a7b416b264b811a974d11e1a5,camara,camara,PL 2454/2020
3f98fe0fd259f0decf7402366394972c,camara,camara,PL 2401/2019
c8cf881bf50fd6287a536aaf464c0bd5,senado,camara,MPV 988/2020
793822c1ffaa368eb6422c04b83837a3,camara,camara,PL 2357/2020
d5d1a579ad8a7733803d6a477c34f121,camara,camara,MPV 961/2020
73a3cde021d64623f1537b3a5644634d,camara,camara,PL 1686/2020
743bbe6433be233b5f36a0b88b84e190,camara,camara,PL 2506/2020
a7a82931085ce3f0252f95a7f41c83af,camara,camara,PL 3253/2020
7e56fcfc8d86c4673966b3866da7b70e,camara,camara,PL 2997/2020
4b4e67d20be9ae6aa4cbce88d18d0478,camara,camara,MSC 409/2019
a37c8bc53ec8e09183693ca4d0d355d3,camara,camara,PL 3270/2020
3e006550dc9d25b514ff4723e1f53139,camara,camara,PL 1070/2020
1b863430e00f9f394e93eebaf96aec29,camara,camara,PL 2007/2020
92a9ad77a98a6ad546be61861638d877,camara,camara,PL 2222/2020
5caf3a545b04c8c7d2df430e678e215c,camara,camara,PL 3136/2020
c414e3a1ef20d4a42948c5cecbb5d401,camara,camara,PL 1254/2020
c1fef5ebaf25110a3a3a66cf7f01788d,camara,camara,MPV 958/2020
1fafb7d3c17f8dba5683c110bf2df2df,camara,camara,MPV 998/2020
4e74b87066ee56cbba31cfb537e4cb16,camara,camara,PL 2949/2020
b7a17347708313242a7fca1a1770834e,camara,camara,PL 1872/2020
0fdf47e192f70a50e2452931381fe733,camara,camara,PL 595/2020
f28567abb892a28f38ffa0003ee52e64,senado,camara,MPV 971/2020
add988823c1157052eabc9a6d595c58d,camara,camara,PL 676/2020
10d06f84d047361e358e6168ee194f01,camara,camara,PL 2334/2020
565371be04442d5a41edfdf9d42a35f9,camara,camara,PL 1418/2020
f16d43b30f86d661185a4d3ac21a1280,senado,camara,MPV 939/2020
d521ddd441e7049ae107f48c9b6c409d,camara,camara,PL 2340/2020
fe8b1aa8969555d10e491dd38b74a5a6,camara,camara,PL 1557/2020
a660e040b697f66ae6459939cbe70d0f,camara,camara,PL 1245/2020
2462919cc6ed26971f2a91de4e75c82a,camara,camara,PL 3157/2020
4117c1b174df534da8eabf0023dce14e,camara,camara,MPV 963/2020
34d718f1cd9d10f46749a48041456be4,camara,camara,PL 3267/2019
2b253022b08ec2ac5a71fe0b0b714c5e,camara,camara,PL 1842/2020
256cb0e8e65f6f18c2458128b8056e2a,camara,camara,PL 1489/2020
bff1e9a505d0eee2b74f80b3bd9977e2,senado,camara,MPV 983/2020
bc68ebfe9b8a371617b519da303e61f4,senado,senado,PL 1282/2020
e71de633a6c927664b925c8711b7f276,camara,camara,PL 2093/2020
030edaf9011b1ce30f55f11ddb9a57c5,senado,senado,PLS 484/2017
5d451a050f63878899b0fb16255f6b5d,camara,camara,PL 2118/2020
8c68426fefc96e8f847e37ad2edea2f0,senado,senado,PEC 39/2019
10afc01447a0ef58c39f1777a1bb121d,camara,camara,PL 3768/2020
dc24024849bfdd03178476fb3b0c3f0d,camara,NA,PEC 517/2010
8106f8bb45ca42d6aac72a51102df0e9,camara,camara,PL 1747/2020
468d219c7647daeb84fd141dc19ec13d,camara,camara,PL 1397/2020
e0fb28a9c1cffe9cfb6abb280536f380,camara,camara,PL 797/2020
16f28c3041b72c13a98235313ac16e45,camara,camara,PL 1477/2020
d4b18b725f0b9a1f51d8b18e4cf5a7e0,senado,senado,PL 1277/2020
a66622dedfd61ff33bf664f962e1fd10,camara,camara,PL 843/2020
2f43686ce988729f5f29a37ea543579b,camara,camara,PL 2298/2020
8bb240add69ce440e8e1e24ea65fe835,camara,camara,PL 3469/2020
fa5dc1d50b0560d2c01e9d338f831b44,senado,camara,MPV 947/2020
eb52361f73403caef7785ce143a01d47,camara,camara,PLP 108/2020
848f3dfdd137a3510ae32b60c8b19c23,camara,camara,PL 1744/2020
6f2466438410426bc91af899faa0882a,camara,camara,PL 796/2020
2d43a6e5e108973ac891ca9fe0d8eb2d,camara,camara,PL 1263/2020
701b84b9ac90c3025b2f8d75006e67dd,camara,camara,PL 3480/2020
e8bbcb3d7b531841875ed6a9ee5eb384,camara,camara,PL 2493/2020
c9de6503ae49e89984fa838f342511f0,camara,camara,PL 1568/2020
97f22f966fa33d16a774f66150cec189,camara,camara,PL 2750/2020
829affbd254b5e25303c115ff6ead244,camara,NA,PEC 397/2017
c5eba685682a3b41eea5e72c16f98d5a,camara,camara,PL 2954/2020
41488f614a13488732d0d97cbec89c5c,camara,camara,PL 6418/2019
dfe1c80320a68cc39ab2210c7c829140,senado,senado,PL 2194/2020
72c3aef0c910f81179996f98bb8c95ef,camara,camara,PL 2362/2020
6cedbb455fdd32fca718eeb9dca7e4b4,senado,camara,MPV 955/2020
8d611266f065e6132c81f09fc588429d,camara,camara,PL 2648/2020
2857aea803e6efbc57dc84eb50764bc6,camara,camara,PL 658/2020
a17a52b614af37014393f80e5e03730d,camara,NA,PL 6330/2020
2d74ad223b0f9c6ce33b554ba2a38ee9,camara,camara,PL 3909/2020
950c947b395cfcefe5bfb5b7af56b3ef,camara,camara,PL 2548/2020
0647ce1678323f719c2d5ef3692b1ba9,camara,camara,PL 1750/2020
8a71bd8c3ffb51631ef4d5429fc30844,camara,camara,PL 2761/2020
7101c10197aeb246050c6be0ab39e296,camara,camara,PL 610/2020
660c2206d21fee4c2e97bdee149a5018,camara,camara,PL 3058/2020
f6f1f393780f3fc4952fefac1b1dc644,camara,camara,PL 986/2020
c70f48eb6674a64d3f579cc0cadfb9a4,camara,camara,PL 2172/2020
92f5e2ffe651ec6a4484af2f87c63b81,senado,senado,PL 2354/2020
461f700e99fadb2b644c598f5458ce78,camara,camara,PL 1099/2020
f37f7f8ecd6e777d58cdd01f22a6030f,camara,camara,PL 3210/2020
56179f5dc4e217a3e81464aa2cb93cc8,camara,camara,PL 4141/2020
410c719db9d5359a008fd82675365691,camara,camara,PL 1552/2020
23aab13269062f9c5ef3fc9f02df639f,camara,camara,PL 1637/2020
232e083cb474e24cb5204b2b8eb15247,camara,camara,PL 3090/2020
85fef9f2ef9c258bae8c31cac7f67907,camara,camara,PL 3230/2020
b9501919176f8a9a6db812419e9f8d17,camara,camara,PL 936/2020
b5c882bfea7ca44aeab28eeca22a582f,camara,camara,PL 1822/2020
923c71db74f47893960d0464abe21889,camara,camara,PL 1189/2020
46dc4d7897874b3dacfb4bb9714eb54e,camara,camara,PL 2683/2020
bf906e4e69a3f0864cf079fc194eed1b,camara,camara,PL 3729/2004
b4d899e8d6f4c23720f63b847109a70b,camara,camara,PL 1011/2020
97db1a4488de376d4e38c05db6c010f8,camara,camara,PL 3515/2020
e01d193bbc3d825218496f02b85dc88f,senado,senado,PLS 232/2016
b2c0148d2effd820ff7d84ed9e4e3706,camara,camara,PL 2509/2020
e0f732e1056b4dba632d8f5ebbc1cb0b,camara,camara,PL 824/2020
5bf54b9c29564f063dc084d0a6ebf138,camara,camara,PL 603/2020
9473c4bdefe4d91ee8f64723084d8e05,camara,camara,PL 1651/2020
5664e9e2b885133b20168b4842bf9281,camara,camara,PL 3905/2020
55be5dcd2e0febfb39c0dbb11b1867c4,camara,camara,PL 3675/2020
42e70fca0c0af824038feb0bd9d91beb,camara,camara,PL 2798/2020
8596b0f6c58db66cd282caf2898983b4,camara,camara,PL 3162/2020
d26f352fef06c4f1c63600e89c9f7935,camara,camara,PL 459/2015
35f1888d7d17cb65140aabe7b9f98534,camara,camara,PL 2048/2020
dac2e63700dd3bce2182d29e45590413,camara,camara,PL 2726/2020
7c3cefa785d1a3a6679bade2e7b98ba3,camara,camara,PL 1556/2020
7adea2b2fca3e6c9a341906d218e53ad,camara,camara,PL 1892/2020
2c2831d677634fae5992a23010d6c18f,camara,camara,PL 3221/2020
23283f99dad48b1838560d9b1debaaeb,senado,senado,PEC 27/2020
87ce7a2c69509ece6fbb75a4c9167588,senado,senado,PEC 110/2019
72410db8cb003ae9ccae819293a6dfb4,camara,camara,PL 3197/2020
6d9fc7ddd9e4a28ec7c43960ad37dec6,camara,camara,PL 2067/2020
7629882f7d0236090b08bbee5f60a412,camara,camara,PL 4330/2020
7e71000197236498584d3b7590cf52df,camara,camara,PL 4113/2020
5795d39eef31d0ca3e07c12e9ceda513,camara,camara,PL 3042/2020
7b66e187d508b9940394c0856a8f19b6,camara,camara,PL 957/2020
5bac63e76ffeab7049afbabb9354c53b,senado,senado,PEC 133/2015
528e36f7be0c97bcb1ef9c5ad365af3b,camara,camara,PL 9931/2018
9f6144a78268c9763929ab29c3b7a31a,camara,camara,PL 3295/2020
604284c31bbe7d6980e2c589a71d2515,camara,camara,PL 3936/2020
293fd7895f48b0200c93c659ae37075d,camara,camara,PL 1907/2020
e610fc32eb430d833a11dd973510732f,camara,camara,PL 1117/2020
af5709b02721655d555d446e243f1079,camara,camara,PL 1347/2020
ac6cc4cf73c7696d8657a1baf7367894,camara,camara,PL 892/2020
2f0dd2baf2721f03ce771381e2dd9443,camara,camara,PL 2989/2020
4f8398190373ad64fbf62ab437b3decc,camara,camara,PL 1213/2020
b39766618a6ff41a774e261a8b79365a,senado,senado,PL 1358/2020
1e14d428f5b488d310844e6c2770815f,camara,camara,PL 1873/2020
078ba8d1552be4106d551dc64425f08b,camara,camara,PL 1114/2020
4ab5573f0dadc63f660f104e9bdbae99,camara,camara,MPV 968/2020
e66f97cfaa9414df6454f755ad403442,senado,camara,MPV 989/2020
1753489acab3a8ac369470c752802eb8,camara,camara,PL 5756/2019
aff92768d6af20704fdf93f6506efc68,camara,camara,PL 1274/2020
4b4382c276732b2e8b52723eff362773,camara,NA,PL 1166/2020
1ce3cfa6963831194d49adb46cc96952,camara,camara,MPV 933/2020
09cb2ab4ce1640dac7bdd00c9d3ac3d9,camara,camara,PL 2762/2020
fe9670b5ebda2fceed61c709a6806d71,senado,camara,PLN 25/2020
4e15e1e9b9e09e6b354192c468f43549,camara,camara,PL 1583/2020
3e864aa85af84e9424e1dc53434b6b4d,camara,camara,PL 2835/2020
9da4ff9f8aa8be18c70df428354bfd2b,camara,camara,MPV 981/2020
d9a5c990a77f368e536ba1b2fa7d6538,camara,camara,PL 3846/2020
c318006999bb4146a862425b6cfa8313,camara,camara,PL 1685/2020
6d783234bbd9435b69b225714b04b030,senado,senado,PDL 218/2020
30395c7a4b419079d735f8eed28a41fe,senado,camara,MPV 975/2020
3c733e0c6299f5c2d644ab5ed4828ec4,camara,camara,MPV 969/2020
02eabdfe6de5c71af7fea09a7bf5b29c,camara,camara,PL 1734/2020
6dcf69840a838af51abe8ee239a012a7,camara,camara,PL 517/2020
15d27c8a3e895600fdfdd817553a6770,senado,senado,PL 4850/2019
00c7045c5decc57e192650bba00447cc,camara,camara,PL 2110/2020
b09ff89288920060f9d36141c2e4d283,camara,camara,PL 3073/2020
6639c73facdffac3d4fed99f4b36c2f2,camara,camara,PL 1758/2020
5ac71ca76c82bea4d93ffcc82a7339ad,camara,camara,PL 1269/2020
6f7e4ddb37b9d59162a19fbcc22ed5ac,camara,camara,PL 2746/2020
abaac5a2637b6613d5601f0d9db25da8,camara,camara,PL 3477/2020
1d3de4b7191341f84d253a753ca5bc04,camara,camara,PL 893/2020
1af1bf9b76c4f19825b5d66f20e080f5,camara,camara,PL 2442/2020
56b6836193bcecf355d818e05c65b8bc,camara,camara,PL 6161/2019
f1839095e3b9cc6c93969bd54bfb5a99,camara,camara,PL 608/2020
44e0658caefaf5594bcfacb0f5b348a0,camara,camara,PL 1531/2020
af225c67ea7815ee73d793302020b7fc,camara,camara,PL 2887/2020
a86fb79b8cdf60b50748dc80882f2aed,camara,camara,PL 735/2020
79d50595f7c396b9f002807ae22012bf,camara,camara,PL 2780/2020
2cfef5d3dac8b6770cd78e4ada4e71e7,camara,camara,PL 4382/2020
86a7f1cdf96cf82705a2fd77acc0d0e8,camara,camara,PL 669/2020
44b48c825a876c2f4fcbb1d93bb6d49d,camara,camara,PL 1283/2020
681e5415151f9276e56b77ba1550a9e1,senado,senado,PEC 18/2020
252b869d8adf21983697fce31e6be987,camara,camara,PL 1322/2020
3aed41b77d7d7c1360e1e70d411e72c1,camara,camara,PL 5795/2019
7d2df9fe5c552a08ab5c0c04ecdfc722,camara,camara,PL 1831/2020
a84162fce1a7fca5e33bab1aa35aacaf,camara,camara,PL 3240/2020
f5e0338ac8e5f8a9d0ead038009b826d,camara,camara,PL 3364/2020
ada203493bfe9fb12dcef7a28eb8fea7,camara,camara,PL 1549/2020
e7a4b00d4f2e39406d241c59a46b0c2e,camara,camara,PL 1079/2020
ba9b9c25cbb737369245a9b06d6cff42,camara,camara,PL 4162/2019
1f0389c01cfb631c9a627cd43e704f9a,senado,camara,MPV 953/2020
f22398cb3c824b5dbfc0c97b2d039422,camara,camara,PL 2108/2020
d13e5daeb208c070bdc9d43231ee9a73,camara,camara,PL 848/2020
28cb52b7b0bfd82744445d319ea2d215,camara,camara,PL 2824/2020
649451655ccd5eba41acb283febdf3b7,camara,camara,PL 1834/2020
604105b60f09447aba9b583d71e9aefc,camara,camara,PL 3216/2020
4ee7926f0c20470f16c4075c4ef98e78,camara,camara,PL 3212/2020
39f5891d7bd0b7907d2118139dfb1912,senado,camara,MPV 973/2020
4ffc0908ac523706511a2557ba7add44,camara,camara,PL 1182/2020
0d9fd8d375707f7b4bd08ae2ed4e1283,camara,camara,PL 1781/2020
823b613cf5a86c818be7867ea92b4ffb,camara,camara,PL 1389/2020
73a94308cd0793c404a0e30bd55e9052,camara,camara,PL 3594/2020
27801502fe8b57eb8c5a318fcfe79d57,camara,camara,PL 3715/2020
77e7c44a9b6e0bd3b3cdb80c2bb5241c,camara,camara,PDL 173/2020
1f3dd954942a5e88c76a392418fc129a,camara,camara,PL 9950/2018
2d6dc321e6e74b3d119dede973595389,camara,camara,PL 1989/2020
1daf3d58be348277eecf99a1ca8f9f56,camara,camara,PL 10070/2018
e26dbf99b430ad4057c77cbf5ae1bf76,camara,camara,PL 1312/2020
430dd8da744c21b8485718d2b905324a,camara,camara,PL 1480/2020
22deaf763c7c0eb920a90b9cd3da463e,camara,camara,PL 2736/2020
ee20293a79f0c687ce117addb013ceca,camara,camara,PL 3389/2020
8d0d85a3d93b170bb35e8c0ed79abdaa,camara,camara,PL 1106/2020
e400f1f5f27d804050a4da32ecf2ed15,camara,camara,PL 3932/2020
5be0b1a292ed6159b86993a0202d39ae,camara,camara,PL 3907/2020
5d93fecd0a45c2404ec3222fbd759a3d,camara,camara,PDL 644/2019
57d5d6c9ab4f5b2b5743eecac9ed426d,camara,camara,PL 1904/2020
7a84b7908e6820d0d2209969a757fd19,camara,camara,PL 2829/2020
58ecff401cbaf5bf8e937b6f53290ae5,camara,camara,PL 1299/2020
539af11781c4c18d169bccfa25b8226e,camara,camara,PL 948/2020
5f82302b69ca434a088543b6878bd5b5,senado,camara,PLN 28/2020
775cd76a074d5ef570934ac0e72288c9,camara,camara,PL 6160/2019
3c8637bee7fc8ea31d224b592ec7413c,senado,senado,PEC 31/2020
6175dbb5f428f3b0a3ee5d7b1a91036e,camara,camara,PL 2556/2020
6cf4f39efbfb0b89383af1943b26eb6b,camara,camara,PL 645/2020
1c5fa6498aa9bdecc72676c0ed7b77ba,camara,camara,PL 2777/2020
70422a915a4383eea2823d41b5e44dd6,senado,senado,PL 2424/2020
f818cfd11513f851b61a064bc28f29aa,camara,camara,PL 6229/2005
70471370b5d39a9d782274b18c7c22f2,camara,NA,PRC 11/2020
2c804dd3d9aa6cc5fc434f3cdbf2d943,senado,camara,MPV 982/2020
ffdd7b9ac39bfdbb06a49de78abb0fc0,camara,camara,PL 3053/2020
f2d2c5386c8c09d26f45c9f06f1759b2,camara,camara,PL 3968/1997
e286de95ba2223d14db5dd93e5802701,camara,camara,PL 3780/2020
1b4a30021dd841d895ea692bffeb5f00,camara,camara,PL 3186/2020
047197c6625748f7bd70093da7a70dbf,camara,camara,MPV 951/2020
914b3448ad6e6e73e74ae655beb156e8,camara,camara,PL 1391/2020
43d33f341f0cbf709d9f2e98dcc07ef5,camara,camara,PL 1246/2020
1e3c882c08ae0ea99f01d0b0764af3cc,camara,camara,PL 1946/2020
79496dfc8a4ab626870aa782dfa3c40d,camara,camara,PL 2557/2020
8a292ee1b5df375bf5f17bc09fc3e606,camara,camara,PL 2151/2020
ca057bb35f1e577ce16dd24dd9567401,camara,camara,PL 1298/2020
ab00713e12f6bdd07c85427289106801,senado,senado,PEC 29/2020
f72867fe07317d278761deada16140af,camara,camara,PL 668/2020
dc6670bbeca06e1bdcf004aa92d8259c,camara,camara,PL 2208/2020
d6c595f9a992fc387ecc442b9932691d,camara,camara,PL 2335/2020
feab5d8fa8bb84c553c8b34bf7752e3d,camara,camara,PL 3276/2020
ed3478e28cbdaec0b0cd04cb47a0c528,camara,camara,PDL 178/2020
a899f905b0eccf3f97fdd23e81534d5d,camara,camara,PL 1721/2020
6785b84d5485c7fdd61c3ce4d77996cd,camara,camara,PL 808/2020
75f2e0c5a26456eddc948020ec6dda3e,senado,camara,MPV 935/2020
f14428c128dd059d6ed898cbf8be3dbe,camara,camara,PL 5740/2016
b1466981b4e98b9771309c8467ae2940,camara,camara,PL 1020/2020
788f344150ddd2488708be7472557efb,camara,camara,PL 1422/2019
aa5f08c604cc7b43d5b69e10e0afb169,camara,camara,PL 3320/2020
05f0baec446c897064fe0d738639f025,camara,camara,PL 1695/2020
66f746d8f0bcf88c6bc54c4559178fd3,camara,camara,PL 3277/2020
a7cd94c276c1cd8d2721e4bb087a3cd9,camara,camara,MSC 369/2019
564a6e676579427e8012651bae1ea3dd,camara,camara,PL 1496/2020
60019a64b9307d80f6243835c6b71c81,camara,camara,PL 702/2020
3ff161a0425a40018673ef00b3e0cd7d,camara,NA,PL 5900/2013
dbe3f754a672289ad9d9e48018478b8e,camara,camara,MPV 967/2020
4a6a3c1f47f94a7c4acbe96f40b6c561,camara,camara,PL 4021/2019
74267f0f8399b4992fc7159a9adef7fc,camara,camara,PL 2501/2020
d8b37d4c8cd77ddfc86fa8225b4a2535,camara,camara,PDL 319/2020
38e8b490483c3cf54027d9678f4884d5,camara,camara,PL 864/2020
9e81550c8955e49bb30ad4357d50e4d9,camara,NA,PL 6537/2019
e0c50cfb097ef9953e6b0150f45c2afc,camara,camara,PEC 45/2019
b6e7335a89539a9b5fe172c1618b19fd,camara,camara,PL 1688/2020
0a061e8b997f3b2b230867af0cf5c3c6,camara,camara,PL 6055/2013
b636bac185533de3863ee3457f648f38,camara,camara,PL 3455/2020
4d37f69246a360b0dbbbb5098bf2da94,camara,camara,PL 987/2020
42b8d7f59ca670799b318898ef506f32,camara,camara,PL 3265/2020
ed89d6d6f706fecace67aa7edd082dab,camara,camara,PL 2853/2020
a5c05f5ff239451f8d3372c18fab7009,camara,camara,PL 1473/2020
6fba0b249a9fe6d366d096368e79044d,senado,camara,MPV 928/2020
45316bb14535ecfb5341d5513ca66f56,camara,camara,PL 1772/2020
00473dba30db16a77471a452f80850f8,camara,camara,PL 638/2020
ec91f098cf1f5c453b0f55c047bd5f63,camara,camara,PL 615/2020
a964162f7f1f44d64b551de56da95129,camara,camara,PL 1378/2019
119ae723cb9394c7228c275187255a82,camara,camara,PL 1720/2020
c2381a77cbfef5cc2a63907f8000f808,camara,camara,PEC 32/2020
4d14ff2f04b9e33797cb46ff044179d5,camara,camara,PL 900/2020
faa8fbf53028d26067be8ac2ac1621b7,camara,camara,PL 3554/2020
71429d1cf2719e773d28969e48cfac95,camara,camara,PL 2457/2020
e21dab054eb793a92388b2065392c5e7,camara,camara,PL 4741/2019
541097e7e136236a4db856819ce0b60d,camara,camara,PEC 518/2010
ee1d72d4f2fe58b8aac6ca406d98aa8f,senado,camara,MPV 970/2020
5104cf52ad591ef78657c76a781e97fa,camara,camara,PLP 220/2020
89175d60e5f655588ce7d072d350d4c2,senado,senado,PEC 33/2020
8a55a498b20bd484aca237c5e9c2cbb9,camara,camara,PL 6123/2019
38ef00b649ac62166d22bff82f3a63ef,camara,camara,MPV 987/2020
9127dd227a540c388656ba5f99229555,camara,camara,PL 1578/2020
5cabaae949c9c7c500d5bd644285b2c5,senado,camara,MPV 962/2020
b150405d4f738dcb7e18febfa5b30409,camara,camara,PL 2809/2020
b6eb977008db7e69d2440a5c62b3d5d1,camara,camara,PL 3332/2020
77d184d2bcecce6cf961c9097e672a8c,camara,camara,PL 2521/2020
dfa2857aebc085d2968149ece3f3c8e3,camara,camara,PL 2215/2020
839efb5ccbc112355b45f39b904e6dcb,camara,camara,PL 3650/2020
47f9307e3b4a113f65dd3a1b77a22930,senado,camara,MPV 923/2020
0437f4175bdbdf08ac3dbb94b1190a36,camara,camara,PL 4857/2019
f81738dd631c975db8b9f6816658b2b6,camara,camara,PL 1268/2020
54012bfc5ff185da9b5e180ce89e8545,camara,camara,PL 3154/2020
d7f1e2feb195331291e3cfd7666a34f3,camara,camara,PL 2638/2020
1bc0e5ef0acdb297d4e4f59f52cd5547,camara,camara,PL 3686/2020
f3e98d98cc12924641b81a3412e82dd6,camara,camara,PL 1481/2020
2f085cc8c2f304f73ab8c5718d6ae82d,camara,camara,PL 846/2020
e3343da9c202d0df4f04bceff28d4404,camara,camara,PL 1308/2020
8d3320d2fbc75a8cad93f633b52f2bc9,camara,camara,MPV 938/2020
67102d1d584d9a53a97d304bc803e8d3,camara,camara,PL 3463/2020
3bc14beb568231ceaba3540e96037508,camara,camara,PL 2353/2020
e8af8054944f4b865e88f720c35bb9f9,camara,camara,PL 2717/2020
d5784b2feb346ac78c62597b8ea1fdbd,camara,camara,PL 3914/2020
43003510c8bbbfdfef94543c521f6083,camara,camara,PL 2583/2020
fdfc1c53ab0f099926f4d1d5401776ed,camara,camara,PL 2010/2020
968d906126ef2b412e15e4d2a46bd341,camara,camara,PL 941/2020
27811fcc395fd19f534c20fe0072b697,camara,camara,PL 2310/2020
822d014f7b18a10a5d0cc7b47ca348e4,camara,camara,PL 3169/2020
eed579c4fd446be90bd1660204e49cd8,camara,camara,MPV 986/2020
cb2eb692482c42fdabfae767fe68609e,camara,camara,PL 3668/2020
33e1a59affa611c20f31c729c4d26366,camara,camara,PL 1101/2020
0ebf075743d48207c7c03d5ff348ec12,camara,camara,PL 520/2015
aabde53e691a1c709000946d73ffca26,camara,camara,PL 926/2020
62186064d9fd9108fc4fb35da768738e,camara,camara,PL 1241/2020
59395430d1408b6f8ce925a5c21b6a75,camara,camara,PL 3488/2020
57bcfab9c1b3965b0278b505cbb0443a,camara,camara,PL 1304/2020
4d2aea0715f50ab13c6c52d52511b328,camara,camara,PL 2077/2019
96ae106fba1e7461a012926a222a582d,senado,senado,PLS 429/2017
655c8b3ad0aeeca44b034ef385a82045,camara,camara,PLP 447/2017
76ae4d7f6ec0ee61008f9318ec9a62e8,camara,camara,PL 4205/2020
4bfe43856c1be280e6d6b517db7169f6,senado,senado,PLS 379/2018
bcdeae8944e7fd909cde519469e82cf4,senado,senado,PLS 211/2018
a70dd1456f1a40a928251e30ef3515c7,camara,camara,PL 115/2019
98573f848f622d428dc72c2e3e3c55f5,senado,senado,PL 5691/2019
2c851acf06bf91c37d50e86a45d52f2c,camara,camara,PL 380/2020
19902e7db476ac8cf57ffa4e341362de,senado,senado,PLS 203/1989
8c3f38e14c8c412bb95d564e37865ec1,camara,camara,PLP 316/2016
2327a466f6c0727820eb3c3b39358847,camara,camara,PL 7843/2017
02768dcb7bf29292eec5a74dd6f9f87c,senado,senado,PLS 348/2016
6fa731db64f2947e57ad8d44c1a42cb4,camara,camara,PLP 71/2020
f5ca89cd36610bdb73d4aefb1cb6a38c,camara,camara,PL 2790/2020
57398f986137ae8c3f9641ba73f4eb2d,camara,NA,PRC 116/2019
677b6082a1618251bcd423f02feba0b1,camara,camara,PL 3243/2020
6c7e052a64eba030df601cec69afcc2d,senado,camara,PLC 3/2015
6a99f13bb399edf89cca8df945b6d213,senado,senado,PLS 671/2007
73c68a223c49ef09696409cb8091597d,camara,camara,PL 4178/2019
4131cd9bbda493e52be3445d40a5d014,senado,camara,PLC 111/2015
6869d90d880a6c14d03d6860a231c29d,senado,senado,PLP 201/2019
b85810902c93328223bf8ba8e8a96f8f,senado,senado,PL 4635/2020
61173c90a4f761cdc1908cc2afa61a00,camara,camara,PL 7523/2017
14cd42e3f4e4ade831b6390b3d0ee469,senado,senado,PL 3217/2020
cf7196239f8e762e7b806a0e9b6cb804,senado,senado,PL 633/2020
aef1768bf07d632e672c9ef582bfcfde,camara,camara,PL 94/2019
c10e1c335432da90c0981cdfb07c26b4,camara,camara,PL 87/2019
e79d0d2eff2f3256e4daf8c87a333f67,senado,senado,PLS 377/2018
e0c9bc58069b14b0132c42c4d8d85c52,camara,camara,PLP 63/2015
af976f84117ba06052ecdac8b55dfa07,camara,camara,PL 1002/2020
f101f03ff171c656bb57765e7869ee08,senado,senado,PLS 450/2016
f80fbfb6e687d25d3fd7c60858047770,camara,camara,PL 10026/2018
f2105df211ecf0a62b56d2a70df6164c,camara,camara,PL 5237/2016
a9ef61b859bce2089927b035ff2cad47,senado,senado,PL 155/2020
53fd3c6284807d93f8a84943c0092625,senado,senado,PL 6202/2019
fe54125a243236126c1cb8e375c3b53b,senado,senado,PL 632/2020
b9119331942983132d06102150b0229f,camara,camara,PL 4673/2020
f3908b313586c585d021ac4ca87960f3,camara,camara,PL 106/2019
39852d660e1fb623caf0ecaed957c46d,camara,NA,PL 5317/2009
78c5d59788e6d16773897869333fc3dd,camara,camara,PL 3414/2020
7cc6144d0645e80e78ad45261813a78b,senado,senado,PLS 236/2012
7480a3c40577efbee4f67315d9548c28,senado,senado,PLS 291/2014
7e70fd47fb304b323258547d737f7593,camara,camara,PL 624/2019
2aec0678da3f89ddabce8872e17e24fc,camara,camara,PL 93/2019
5e9deec354a8fc9b8937933ba2113960,camara,camara,PL 86/2019
ce662f9cf5e7b51b2aa0d7efa59b247a,senado,senado,PL 5309/2019
9bc948e08eb4c4b328df3fc347aeaba8,senado,senado,PL 772/2020
687404f05fcd48fe5b0ff342a012cb2a,camara,camara,PL 1764/2019
8b702cfe8c94b1410f37689518190843,camara,camara,PL 4189/2020
c97401c08d8298cfbf9d424c356848f5,camara,camara,PL 67/2019
ace919d81f567ebf410cc59b7818e929,camara,camara,PL 6719/2016
f3093386a98aa0d5191159aea764034e,camara,camara,PL 1019/2020
d4ed4b44eb256e49a822995c894a214b,camara,camara,PL 89/2019
c730bb2212bf22328a0aba29cbe2aa3f,camara,camara,PL 4171/2020
83df612f66bd021cef35a99be34ba7ee,camara,camara,PL 7315/2017
f049bb6aa68bf9e623d33270958eb32c,senado,senado,PL 4891/2019
1364aebf2d834245e0f0149678fbca40,senado,senado,PL 2695/2019
d12a6bfd54d4ebf731b4bd7db4aef9af,camara,camara,PL 97/2019
471c99b7fe84d79491d554826185b9f2,camara,camara,PL 203/2019
6219017895cd845a0b42563213a0acf3,senado,senado,PLS 380/2018
ec8e43ab2f66eb42304e6f7f7a8571ec,senado,senado,PLS 435/2016
f7d4cdbfb1dbb6b723d2b49e80b9dcb9,camara,camara,PL 2716/2020
61616c4c0c0b16fc35cd7b89a3130fad,camara,camara,PL 10887/2018
5a3c1f57cbc9709abdb755b2d127ad17,camara,camara,PL 11125/2018
debec4d4bd9fd8c8a4d4d5fb981d546a,camara,camara,PL 2042/2020
2080d6364ee743feec892e25bbe27814,senado,senado,PLS 72/2015
b6a873f982c468fe021b24ea75a1a3f5,camara,camara,PL 8465/2017
92fb53ae3a0c86da0291dffb23c19acf,camara,camara,PL 4483/2020
260494408c9f37871aa7e426b3c75521,camara,camara,PL 6467/2013
033655f27acb710024fa5b995f99e494,camara,camara,PL 2317/2015
8e2d972de07836aa87b2ac26d0de6927,camara,camara,PL 11245/2018
185401d71180b29985ded1a6be463392,senado,senado,PRS 36/2019
6dbcddca736b58b663833006cc84f345,camara,camara,PL 10481/2018
0c8839f93d7f4649d628bfb75ac793d5,camara,camara,PL 2647/2019
230ca0cccc52e9d312858c5d7631b21e,senado,senado,PLS 305/2016
7fae5351285c204d82dba32cb5e018ee,camara,camara,PL 3841/2020
1226765226ed9c36d5bcf9e55f631264,senado,senado,PLS 108/2016
f5927ad02686bda7ce633977727a8d0e,camara,camara,PL 896/2019
c6294a1efbd301180c5a30796e6be36b,senado,senado,PL 1164/2020
94c76be6901bb723144e8934778bbbe6,camara,camara,PL 4894/2016
bcbe4e0333792af97d49d4871940c2e3,camara,camara,PL 786/2015
627d8d6d1b9291240e3b024de2686230,camara,camara,PL 2286/2019
9f31238965b1b91043afe500d5478da3,camara,camara,PL 1517/2019
1e1f5151b68d5091f58046145169b161,camara,camara,PL 99/2019
910ab6e944476e2718a001a41edb2a70,senado,senado,PLS 241/2016
0b9b19c7007ed3ad5d4cb6e1e1791476,senado,senado,PLS 362/2018
a15794103ec907bff5203b55d40e9d90,camara,camara,PL 80/2019
e809dd01e147f6658622dcbb0a6990d8,camara,NA,PL 3046/2015
ca798977289f3a47b77038cb206fd20e,senado,senado,PL 2153/2019
3ac613e01d37c08397d406366139e0f5,senado,senado,PLS 100/2016
a2c678e1987cad995a930b3e98224b12,camara,camara,PL 2524/2019
0f1bda16401083e4a5dae54c7f2831f6,camara,camara,PL 7688/2017
321d0d6fa5257587637f64ee742f4da9,senado,senado,PL 4394/2019
9c9408a849e025d7e2def0179bff674f,senado,senado,PL 4636/2020
ca4baea130916dde141e00d42a151b65,camara,NA,PDC 739/2003
641cfbef8c803cfc5a9a5878fcf2743a,senado,senado,PL 3195/2020
342579f0ca7d549eb47dcf9a15650baf,camara,camara,PL 77/2019
ae256f943ecb4ad27c8a0d616f473fe0,camara,camara,PL 7804/2014
f4bc70513f62a01a399af79f66d89614,camara,camara,PL 3443/2019
2b6ad3ec46cec809bc8c74855a054dbe,senado,senado,PLS 17/2005
9b503182eba30f7bcd303cb1fde85f58,senado,senado,PLS 323/2018
11584e7652c35a2393aa9babe2d5bfea,camara,camara,PL 1971/2020
e8f21b6c1b5503b10f78575fd629d056,camara,camara,PL 104/2019
b25165685e0e71e9e56bdc046dbb6d5f,senado,senado,PLS 107/2016
a5fff90bb0a231482d0c6de5a295b4ac,camara,camara,PL 3165/2015
0d7b4f84cdd48979f4e3c2f6bba1fac4,camara,camara,PL 2543/2020
59158e9880d6a6df982c302d82daaadb,senado,senado,PEC 2/2017
48443044e60e740a9463a28e301d2f6d,camara,camara,PL 105/2019
786ba65cdf9f928cc10fdd4ac0fef1bc,senado,senado,PL 6297/2019
b0ab07c73020fb93ff15471f88a03037,camara,camara,PL 4546/2020
7341960cfca5c1ff03fb292394f3ce25,camara,NA,PEC 505/2010
4a642221f74c862969bb7bec43ee83cf,camara,camara,PL 9736/2018
265e81b64a92adbefb149ba1acbcaffd,camara,camara,PL 8503/2017
34d9177f10029c26f5347976763e50f3,camara,camara,PRC 217/2017
172f45aec37c8ad1647b8d3c03a30e1c,camara,camara,PL 4896/2019
8658f3eeada42bd48e009a117ca872a1,senado,senado,PL 4979/2019
bc1cd179e358da0f2ea48e242027c97d,senado,senado,PL 3669/2020
8f5252ada06cab86962edb03eb98175b,senado,senado,PLS 140/2016
e7c5f8dfcace2c5c10e4066f893c512e,senado,senado,PLS 346/2016
d86d8e1b0e52ea7bc5df05fb5dc65455,senado,senado,PL 2922/2020
342478537d6774e059034b30742dd208,camara,camara,PL 2167/2020
2c9e2584c14f9faaeb4e8898356f60a2,camara,camara,PL 75/2019
c8700b366b16159a1797c3e3bc6bda6e,camara,camara,PL 1745/2019
b650e5140f01498f1332c47ac776fec8,camara,camara,PL 1721/2015
e1f96f96f5b013d01f3ab41e3718d5e7,camara,camara,PL 6960/2017
6a44ee2edf284e6396d5b53a3388228c,senado,senado,PL 3726/2019
55facb8399f117c332ec0b7d13e13134,senado,senado,PL 2036/2020
a10ac08680f6a235b8767a10a446cd85,camara,camara,PLP 109/2020
255f149273b50669041c592a46d046d9,camara,camara,PL 107/2019
443bb1d1b6fa74744a508b934f9e7ee3,camara,camara,PL 923/2020
c51b7b438d5608ce2568b47c3bce64c3,senado,senado,PLS 192/2018
ca04a2b3f30bbd3ac317f92c484ac087,camara,camara,PL 3415/2019
826d1e67a973261160d4cc236118a436,camara,camara,PL 4398/2020
29d04a806897ef2adb5353d0fa40980f,camara,camara,PL 6043/2016
72caa004550ae14b1eb245dab567cfc9,senado,senado,PL 5898/2019
1434700d9e1a8269ed7fae9367ebfbce,camara,camara,PL 1212/2020
dd2c6de153bebd93a7d649ac0f5adb6e,senado,camara,PL 2791/2019
4c9db3b352bc302589e9c1d3a8e39818,senado,senado,PL 4980/2019
c50d4cd7ba2f59b8ed70309e6a990343,camara,camara,PL 95/2019
20720c9590ffc412742b4bd358bfe48e,camara,camara,PL 542/2019
9e9471409d1d05e923b9476e33c63865,camara,camara,PL 9865/2018
51dec4f5bbbfe2273387bf465137dfa1,camara,camara,PL 88/2019
c525ff1fde13faea9f4364ce26a85153,senado,senado,PLP 153/2019
0f45c72bd528386e77aa9c4cd26ca684,senado,senado,PL 2478/2020
20e6760f142f6f4077f9f47eac4a3527,camara,camara,PL 2958/2008
ca014fd0c07d6afeb39e1f526b9eaefd,camara,camara,PL 103/2019
8583b4b6ad932790a02452e25e6482d2,senado,senado,PLS 319/2016
e14c2b136639217081a9ede4a7341d53,camara,camara,PL 72/2019
77971af26485fcfe3f871a73da834e3c,camara,camara,PRC 121/2016
22bb1063c15b19e5a439aacb8644c132,senado,senado,PL 4201/2019
5f4aea6062aea292777bf44b301a7f65,senado,senado,PLS 438/2018
757e0ad85c614e6499791e09d4a9914a,senado,senado,PLS 695/2015
4c91ef68af92d9c8024193f1b7301126,camara,camara,PL 83/2019
94170ad32604810da8078f1fdbc2b6b5,camara,NA,PRC 263/2014
0515908dfab9d84d0195b1334a2abedf,camara,camara,PL 223/2015
dada568013cde6b5178e530796ecb928,camara,camara,PL 5586/2005
02af8fce4f1ad2093d7a1a5bb69fb57a,camara,camara,PL 2144/2015
f5c259c1649638f11772067ee87f5a77,senado,senado,PL 2720/2020
fcbaa11a00d80283355e66ece65f000a,senado,senado,PL 2158/2020
4ccc7721ecee2ddd4e4b9a8ea86890a6,camara,camara,PL 2486/2019
13e02fd3ac65db72daa5e088a2cb6c20,camara,camara,PL 522/2015
b5538ce6f5ee64cbc724580efe60b347,senado,senado,PL 4816/2019
56f4ff1ee42c32f765b873fd1c3e4d03,camara,camara,PL 3573/2020
525ae202c0a429bb6f9c6394079c77a2,camara,camara,PL 475/2019
003527c9b6be6795639b54744c1a17f2,senado,senado,PL 2111/2020
a5f6f13e7701b8507ba833f4c484c946,camara,camara,PLP 1/2019
a156fc5a1fe321b7c8450208a22977be,camara,camara,PL 79/2019
904b608821bdc8dbf6c9d24bc3f7cc3c,camara,camara,PL 2676/2020
5e00fcb276fca31bf20276c56f240003,camara,camara,PL 163/2019
3467c9442abd3caf743fc67414a2b2c2,senado,senado,PLP 168/2020
f38c74c9ab7d91020f1851496ba2322a,camara,camara,PL 3876/2015
18a1fe0fa55873f86f4bfe25c36967ca,senado,senado,PL 5277/2019
38ea8fc75152b0c293650df930bc5f70,camara,NA,PEC 34/2019
85ba1edab835fcea02919383c7b7c917,senado,senado,PL 1536/2019
c4f063f6de49899936f4e7df1738f356,camara,camara,PL 2954/2019
9223e4562580fed4c0d2c444849c3d85,senado,senado,PL 4634/2020
3a80e5f8ad1b342e69c00d29273a6351,senado,senado,PLS 129/2010
81878d777fdf5e9e2a69541636a16997,camara,camara,PL 3988/2020
46f420685c909e62f8008fc261127e15,camara,camara,PL 1202/2007
4693098afa24f1ad2b0b05f024c72ed7,camara,camara,PL 3394/2015
04c4572f2467b2c582f79f332690c900,camara,camara,PL 1520/2019
0fea5e1443c2a75fbe223860639b5118,camara,camara,PL 809/2020
c87cf3fe70354b441b056d5bf487cce6,senado,senado,PL 1936/2020
1c3f6fa08c25a68cabde17c87effe405,camara,camara,PL 92/2019
a2d93c7fdbab434f7bac6b54d120230d,senado,senado,PL 2859/2019
cb4dfdd19944f8336113e352be425ec9,camara,camara,PL 2291/2020
4cf57ec28605e3903259cd7357b37846,camara,camara,PL 1701/2011
99455cb2b2c021807a29bc01da6136ec,senado,senado,PLS 393/2015
7fe9b309f401e83582921c858a76d740,camara,NA,PDC 740/2003
ea3cf88261768291a2cb50fd37f17651,senado,senado,PLS 84/2016
dd1d2119798d47fe7b126a2912472a4f,senado,senado,PLS 181/2018
21991d645e72ffa033059f7d9625c0de,senado,senado,PRS 6/2020
d3198c2ca27ba0700a09e16923765bac,camara,camara,PL 101/2019
75f60888c2d90329aeb6c7f400eb43b9,camara,camara,PL 5204/2019
4f821e13d95d3a13036657f97457923e,camara,camara,PL 1715/2020
fd1a2c4a4c6b51086188c96d0c5dc00c,senado,senado,PL 2063/2020
30bb6fa01ba986158b7ce6f7189cf6c4,camara,camara,PDL 116/2019
88125b7b9dbf5c17fa327b371c89c9a3,senado,senado,PLS 342/1989
435e5e4ab7c11dc05b7938b89c4c2880,camara,camara,PL 98/2019
f7d205b4017845d8024fb48741e3017a,senado,senado,PL 1198/2020
30498c029cea3c727ed4966ca5d93070,camara,camara,PL 1100/2020
23a097a8b425e36b7cf62c09e3e9aed4,camara,camara,PL 3063/2020
70e53cc97443ef4570d2bb179e3ce3b1,camara,camara,PL 4374/2020
4d8a1ee22e141a3d7191a3b20d1d80dd,senado,senado,PLS 455/2016
50814e8655ae505add5a0fff2684c232,camara,camara,PL 3150/2020
c1fcd3bfed54532a0f9772d42c0eb352,camara,camara,PL 186/2019
af8989efbe99b373ebb69fe8f145aac5,senado,senado,PDL 151/2020
e404e03f1cb5e30ae938144d1a586c0a,senado,senado,PLS 303/2016
34fd80d6fbb507209181d290cbfb4785,senado,senado,PLS 216/2015
aa0b034b520b5ed6fea7187b113cb11c,camara,camara,PL 91/2019
1840219a7f219225e9c4868959e18271,camara,camara,PL 7108/2010
5980635622700a1dd8ffa986eeb8a594,senado,senado,PL 6402/2019
d56cc3b8ee6b3b1a865f7bad7e908c8c,camara,camara,PL 4120/2020
a2370a7222c2f3a6d501e58811f5fc5f,camara,camara,PL 3172/2020
8c7300dfa1c7703bb2926560d81b3d74,camara,camara,PL 69/2019
51f9bb2a7a79533d2ee5fc8754655dcc,senado,senado,PLS 398/2015
fd11513d3f494d8bad5b930d17f7cc01,camara,camara,PLP 101/2020
df040b75da0930bb29ed890ed91de952,senado,senado,PL 2968/2019
638b4f93616ad9dbe55f70f9751b3a69,senado,senado,PLS 764/2015
378da3af542b60200c9986fbde0864c9,senado,senado,PLP 79/2019
aeb30d926e51c68aed33fe47474c0762,senado,senado,PL 1532/2020
254110d147f564078797844f3cbb40f4,camara,camara,PL 11118/2018
dac7480378915f86c4a9fabbcbabe50b,senado,senado,PLS 570/2015
9cf9bfee3c016507f39a5527cfafc62c,camara,camara,PL 6869/2017
4c55b121ee845a3a56ae007731e97713,senado,camara,PDS 92/2011
d7839c8303baf118f6bc2ad1234d7471,senado,senado,PLS 105/2016
81a79525b822183673927f37e65a4b92,senado,senado,PLS 181/2017
dc509ba7d3451854783fe335cb077d8d,camara,camara,PL 805/2020
5e783f49ccc867fd95f4e802560aca1e,camara,camara,PLP 61/2011
fea2a187acf02c8842caa700acdbf716,senado,senado,PL 773/2020
a19db9364739fdab78411055c29df354,camara,camara,PL 4027/2020
8e5b60e4ffd005a4abd448f097c6d9f8,camara,camara,PL 3528/2020
4231ea27f1b2acd765a488f52e0f35e1,senado,senado,PLS 305/2018
5fc30a4489949931be99ed6507315adb,senado,senado,PDL 39/2019
594301e98c031c4e21c73e738dc01074,camara,camara,PEC 329/2013
2385f5921f0df9584353382203992b50,camara,camara,PEC 362/2013
00c5835e82ce024a14a4866d04cf049f,camara,camara,PEC 302/2017
cd1eb583b4a2c6f7ab6b2d6a7f5b16d0,camara,camara,PL 2398/2020
c9ed8482a0580f1b301dadfe8d905f67,senado,senado,PLS 168/2018
c152f23e6a347c8f02ac5bba33bf7f41,senado,senado,PLS 245/2018
58a67f08851d2fb59d3eb77fcec70919,camara,camara,PL 3563/2008
2969e6a30383edfcf4404cd05e4732a0,camara,camara,PL 3445/2019
40f09742395a669a3a644a3a1a86b6d3,camara,NA,PL 10060/2018
54912958c0dd2e0cd499cb134c3762ca,camara,NA,PL 3855/2016
f96802ae317be8d732fb7329fe1256c0,camara,camara,PL 102/2019
f291c47099511af080ec06c5819d1f00,senado,senado,PLS 314/2016
93a193edab2db7173d1d19b6f76fed1f,senado,senado,PL 2719/2019
6fcce37b40faedb30583718d520571ab,camara,camara,PL 1321/2019
506b41035d9b08de110ed9520a70e8bd,camara,camara,PL 81/2019
c184fbad17d44c5c9a2cabedf29915b0,camara,camara,PRC 38/2020
9c08e4212a5acb5f60312ad9683ebc94,camara,camara,PL 922/2020
4e6b3ab50a5bc60b926f4a3987ca389c,senado,senado,PDL 97/2020
624e3d991e4929cb0d46ea889896a1e0,camara,camara,PRC 252/2017
308eda2529595315dabbb7d8b70ec118,camara,camara,PL 1438/2020
1d20a4801e82184d2484734c1bc9c6ee,camara,camara,PL 8048/2014
c63c5bcd59bf526a7da76d83a575cb54,camara,NA,PDC 787/2017
f87b10260f9af07e16367ffff2a9a3a6,camara,camara,PL 8970/2017
9651b1559f58f6a4e21bc644380dd7b3,camara,camara,PL 76/2019
4d9fb1644b5b919bf70a70e696ae8070,camara,camara,PL 8563/2017
c1f41b58e3d4899e88c9f2b3ba1c478b,camara,camara,PL 536/2020
f0eaf37e4e262fd07c22ccd484ce886d,camara,camara,PL 5029/2018
95f5452790487e84325663209042fb21,camara,camara,PL 3620/2020
2e0f56af651ca9c1fb86d9a282dcfb03,camara,camara,PRC 251/2017
e3eb5c8d52e5d8d8a6b25fae1253e094,camara,camara,PL 6928/2002
4bc28a86a100aad449ab24417022fb4f,camara,camara,PL 3239/2020
badab6ead11498dc0a547addb1b009bf,senado,camara,MPV 869/2018
a260628b8173d59703d0d2f508f6195b,senado,senado,PLP 206/2020
07cfa34d2114a96beb5597d01e33f02c,senado,camara,PLN 12/2020
a94fc548ff80516bb291c231dd3c15b7,senado,senado,PL 4641/2020
5812a6590eb6919114ba24b2d2bde5ca,senado,senado,PLS 87/2018
a0969669146ec261de8c8eaae311a417,camara,camara,PL 3395/2020
12ee35e239ee51e489642a156bf7f577,camara,camara,PL 1512/2020
6550b6d17d2769762d22109002312f46,camara,camara,PL 70/2019
01e75d90ecce6e1487ae40890f94d43b,camara,camara,PL 100/2019
d98306f1f546e78a00bf9b655abededb,camara,camara,PL 4169/2019
4cdc5c99257eea5c65412e4e54546de7,senado,senado,PRS 7/2015
cffd24475150b252edf574509cace3e1,camara,camara,PL 71/2019
c6c01ec65ff7c8d7bacf03681ec9aa1f,camara,camara,PL 3787/2019
495de46a98d5fe71258522be61aaf2cf,camara,camara,PL 2035/2019
e0f37682bcb91bec3dc7f14471cfea8b,camara,camara,PL 9414/2017
77ac8e6359433f613a6261dff636036d,camara,camara,PL 6181/2019
83dfef7120028352c3a42f51dd1e6f37,camara,camara,PL 21/2020
b5b72291b6f81e4ea44b21f7bac07770,senado,senado,PEC 89/2019
dd682217b048b64ef8c92d6a7801c6ed,camara,camara,PL 240/2020
2ceafdad48b5bccf0ff584da328695a2,camara,camara,PL 4536/2019
25debcc918f691a380c93b690dd19b5f,camara,camara,PEC 10/2015
bfe0f39818330d7a40803c6d5ac5ba43,camara,camara,PEC 360/2017
198908e48cdf4d983b8b6d2dbdada16a,senado,senado,PLS 78/2018
3701cd9b0ad5afd88c474be2303390ca,senado,senado,PL 631/2020
331119e2acbd685778f718ac65c41840,camara,camara,PL 4375/2020
0b4315a0dd045a7c52cee7fd10dd6375,senado,senado,PLS 297/2015
d2d0e67f75cadc4ce075e228642a50c4,camara,camara,PL 619/2020
b48cfc1e88dde29f631d22a7b6675d49,camara,camara,PL 478/2019
959f93105f8cdf8df575f432617657fc,camara,camara,PL 2927/2020
8dfec7ac9c347bdeab49f52649c8af9a,camara,camara,PL 1908/2020
5fbf78afb3c2916aae49a0284fda3f12,camara,camara,PLP 2/2003
275b628daaef41d15a85b7d7fb3e57e5,senado,senado,PDL 22/2019
79927d4a9321033f5f7e18515fba2b38,senado,senado,PL 3951/2019
f45739e9e0e8ce119c0a46cd1db10b90,senado,senado,PL 3814/2020
f3cdbd5b79ae8f00ac80fd986ed75cec,camara,camara,PL 84/2019
d6f1deea307f66ff554255683ead563c,camara,camara,PL 4260/2020
3395b0a9ddb9503bf9d0588295860bd2,camara,camara,PL 90/2019
7b12043006a8ff0d3214664807f94b21,camara,camara,PL 85/2019
7dba2ce8f262d2eb7c65abb0aba7c890,camara,camara,PLP 70/2020
4d54f7878f3c60613f3f0dc5170bef5e,camara,camara,PDL 3/2019
3c9c6f8459ce0a7c6b31b0588602511b,senado,senado,PL 1865/2019
7319a83d8df3e97e564506edbafa1522,camara,camara,PLP 373/2014
4e421954c24dbd0bcb0f8610af731cfb,camara,camara,PL 74/2019
0f5712befc879c4999829c666558b039,senado,senado,PDL 284/2019
dc7b41eb400599c5605c3b5ea9fffd00,camara,camara,PL 306/2020
5f46273e95e377310fe43ab7a2127568,camara,camara,PL 5918/2016
10546dd6a91beb12f2091bdf393ee394,senado,camara,PDS 91/2011
acb09a18747cdd83e061a4775cf3decf,camara,camara,PL 3095/2020
81df9ae8e85fef4d98b0ff8f7d55b62a,camara,camara,PL 983/2020
6e0d6cc98eabd6f08fd22029fcac2127,camara,camara,PDC 1056/2018
33478a58892965ba1332080821d15037,camara,camara,PL 1330/2020
384956107cd9767a4c2e317169a26994,camara,camara,PL 476/2019
cef14a2502d0ec0f022b691cd403526d,senado,senado,PEC 45/2009
14dc602e5b6c68beba07283dc4bca363,camara,camara,PL 3867/2020
0afe86ff922e9218967ed3042399a89b,senado,senado,PLS 268/2016
213f202ea4fae21a7f0dac6fdc7b0e8c,camara,camara,PRC 40/2019
ff52538881f532de88300eab9a77af63,camara,camara,PL 48/2015
6240c3492e6ef1637500a4d312b42bdb,camara,camara,PDL 661/2019
826e7680954ad619a81dfa11202d5778,camara,camara,PL 3044/2020
d887f8c37f86dba6b0a168b7fe45722c,camara,camara,PL 7149/2017
ca6836b544c9ea6c87b0638d0ac7474d,senado,senado,PLS 765/2015
56fbbaa84e9f14debf0f01e4c9c4d796,camara,camara,PDL 394/2020
5391a19b326fafffc4eb334f928317e6,senado,senado,PLP 6/2020
281afc334585571feed0d9b805ca3b3c,senado,senado,PDL 27/2019
aa61fd8eb6506c1eb78fa86a0984ef5d,senado,senado,PEC 188/2019
88128bcf9c73eee6995ecf6b5082bb7b,senado,senado,PRS 16/2020
7f62fc7803206f56b902c0d0e382e793,camara,camara,PL 1380/2020
0b4279158672c5f8f3adf9068e0da409,camara,camara,PL 4485/2020
342af33d6eaa707ad46e6b608f0a80c9,senado,senado,PL 3004/2020
f98554f64901a73d03784afd100902a1,camara,camara,PLP 2/2019
442914ba549605e2c6d752387a9d0cec,camara,camara,PL 5865/2019
88cb019630bb34af8bcd0ec869efa5ea,camara,camara,PL 242/2007
faf84ebe7b1db46cce91b2b6b15a8bf9,camara,camara,PL 96/2019
9b49661f54f2d5d8ddbfef30dbc6d31f,senado,senado,PLS 105/2015
55cb607d1eb24215ce7f3eea8aa1e192,camara,NA,PL 5924/2016
f5f8bfed6c7803dbe9a7c445c302af9f,senado,senado,PLS 529/2015
24511afe95901c4e6e5f69eaf9798aa1,camara,camara,PL 3448/2019
8403a1e8d6e1087868f96c5866d62661,camara,camara,PL 3444/2019
59ffc8621fa27aa0b2c6a1febcd68b55,camara,camara,PL 5082/2009
3ec99216850c58fb958b2ec5bcb0d2ad,camara,camara,PL 66/2019
7b1acacf754086119599f1408856ac02,camara,camara,PL 1961/2015
c7f4c574548d30eba5a929b39e1d91af,camara,camara,PL 82/2019
6b1b975e98ca96601a9c2f44f50a8403,senado,senado,PL 3337/2020
5f25df8943d1c9cb44113b944e77a59a,senado,camara,PLN 15/2020
b661aaace8decce260cda242d2adff41,senado,senado,PLS 62/2016
a2c5a25791f4073187a95ab659bcfef5,senado,senado,PL 5051/2019
fe4d14a700797ad3cc18c0190d5815d7,camara,NA,PL 6707/2006
72c362904404de468a14e8a14d208803,senado,senado,PL 870/2020
2f3aa8f67911ad0fab569278bfe45b20,camara,camara,PL 4427/2020
0626decc4587fe764344c003425a2b80,camara,camara,PL 3529/2020
e6d3f9c9f092fa13790c2edad16b5a21,senado,senado,PLS 252/2018
c7deaf797012effb003bc9249ebe8d8b,camara,camara,PL 4130/2020
3a26d777e900fa1a907410a30a06923f,camara,camara,PL 2895/2020
01184253305de4647b14f658a6301615,camara,camara,PDL 132/2020
9fc768e3286062f739b198091f1dc5b0,camara,camara,PL 7938/2017
a40176f38d2279f897265d44cf369b23,camara,camara,PL 4995/2013
7ca2ef6011062fe131eb3b72d77ae2ad,senado,senado,PL 633/2019
67ad87eaa198e1e3858e1f1cf349e0dc,senado,senado,PLS 378/2018
83944c4d1de2d2a5791510bb2e91a48c,senado,senado,PL 4612/2020
0bc51471e391565ab08dab34833f3b82,camara,camara,PL 3639/2020
ef3d56850958500ee8a258bb95dcdcdf,senado,senado,PLS 163/1995
3a90c77c1697a1546ea99ecfdf6caf26,camara,camara,PL 3750/2019
65f1d623e74ed23073497bc1f534cf14,senado,senado,PL 3214/2020
322aa76d26ec13a5f495950e63614f6f,camara,camara,PL 1029/2020
9d780e5946c32dfde226f326ba511689,senado,senado,PLS 55/2017
ddce18d2d7ec16344826e8cd12fd658f,camara,camara,PL 4953/2016
0643563ffeb88abeb870cd10982a3891,camara,camara,PL 986/2015
04443ecf493a05761197ce44b2b91039,camara,NA,PDC 1100/2018
5e12e5f3764217290f05d734c081f44e,senado,senado,PLS 495/2017
0cf79d8b72ab0c346e4a307afafeec60,camara,camara,PL 3722/2012
fd413bbecb633683a6761f80be9181f0,camara,camara,PL 5634/2019
add8eb3734e4655be03a0bd732870f61,camara,camara,PL 2341/2019
5380177d5a235e67a3079aa402d5413a,camara,camara,PL 3020/2011
894b644825e997da706eecce45587bfd,camara,camara,PL 3893/2019
e95d0fb5b711348945995acc0a23d68f,camara,camara,PEC 76/2011
cf7567910b9ad3b955a9942a88d5774b,camara,camara,PL 882/2019
e54d3e229c9a339b56b43fafc50f9b57,camara,camara,PL 3200/2015
4b69853c0c0f48dbb3ab7ea05f910e98,camara,camara,PL 6286/2019
554bb22bbf2e508ce083115fa3621486,camara,camara,PEC 10/2020
61f897fec225401ac1a0ffc2745c6dd8,camara,NA,SUG 34/2015
01e564eea52292a5487c0e39a9c0115b,camara,camara,PEC 287/2016
a088c3c1cd511ebc4686385b4c901d81,senado,senado,PEC 28/2015
d9d7113c526ad5ba3c125c29e7024d67,senado,senado,PL 1256/2019
52098ae3b1c88eecc13d3d47b3db9181,camara,camara,PL 4907/2019
365cfde7265924b5370fd5fdfc549762,camara,camara,PL 10372/2018
1af82e91b2c98778f90d7cf2ce4220e1,senado,senado,PL 5283/2019
39cc19de19d1af73d0e8be546f058b42,camara,camara,PL 3751/2015
2402e12c728a208afaa32fe9abe2e24a,camara,camara,PLP 127/2019
85eb950028dc4f7c760964f79bfe2b26,camara,camara,PL 2257/2020
7e57cc47376cc09c1d4601ea04733cd9,camara,camara,PLP 38/2019
d390008b3a506ca1d96b269a91565187,camara,camara,PL 612/2007
8f77140002b2c752fc00029894085851,senado,senado,PL 6230/2019
e0e28b787b7e0e9475833309d95287a4,camara,camara,PL 6969/2013
d51d8c078dab1676b4c24b67fc66d4dd,camara,camara,PEC 6/2019
24b766dcc54aa7470ca7e402eee1a33a,senado,camara,PL 5028/2019
61097ea0b3ca27274b8de30f317ca346,camara,camara,PL 7136/2010
38feacc9dfbdde04585ead32fa5eece1,camara,camara,PL 6120/2019
3562ced5d136a5326572b94d8b074463,senado,senado,PL 663/2019
3ec661e7c1211c1ef558ebff11ba8655,senado,senado,PLS 333/2015
a1c79cf4cb95f3e13719e6762018e4f2,senado,senado,PLS 272/2016
c7b2492911f1799f04aa0753c08ed567,camara,camara,MPV 867/2018
17616f03d63d1c483336c7b232f057c2,senado,senado,PL 3791/2019
eab412eff6e4986bead75a4752e46cc7,camara,camara,PL 8939/2017
d8a02979d2829415b1b87a300ce96d86,senado,senado,PL 3261/2019
4cf2d59bceb3ed122af69546476551c9,senado,senado,PLS 449/2016
bdc1a8800cb00717885b5c90fbcab0b9,senado,senado,PLS 237/2016
1712bcd0cb7f0ec85ed1825eb4665e28,camara,camara,PL 10708/2018
d6bea11bba17f549660904a4bc7e669f,senado,senado,PEC 33/2012
0aae05928abb6a83a51cbfd42d935b69,senado,senado,PL 1551/2019
0b012d0a22f60977b1a926fb5396df01,senado,senado,PLS 559/2013
25aeedc1de860b9780d09883f7526c0e,camara,camara,PL 5125/2019
3b6c1f21978309c1de3fc6d004e5f630,camara,camara,PL 2789/2019
b32134168f30b2c633e3d02615c975c6,camara,camara,PL 2443/2011
97cb86c824c259920ddbf310545558b9,senado,senado,PLS 312/2017
8023a643cd263b9ef8a530ae4a2990d7,senado,camara,MPV 870/2019
4d87343c2bed0a962ab365cadf9c3f9c,camara,camara,PL 881/2019
53724622c04b477dade2111f371a6871,camara,camara,PL 11276/2018
09cf44cab51a171d95f9a8c13c8e41a1,camara,camara,PL 784/2019
1732b0b9c1dda56feb98bd12eafd0424,senado,senado,PEC 29/2015
7c4cbac341769f758f433b3f2e0c08c9,camara,camara,PL 3723/2019
8d974ba88f593b800d77db6dc6f1f0f1,camara,camara,PEC 18/2011
7cac50cb4bc5ad50b868707d98e2c435,camara,camara,PL 9076/2017
b8041c2188b14f95cef1b5b2cb36eb67,camara,camara,PL 6268/2016
fcded076be31aa7f99cd59ee38e8095c,camara,camara,MPV 884/2019
445d739064721895aab8cbcb10b9a601,camara,camara,PL 1019/2019
a3d8bfd5d200e41f93592a3d82765130,camara,camara,PL 4778/2019
82af32ac88788d88e098803b8faab1b8,camara,NA,PDL 696/2019
256da1be740c11a66fdec0c7102bf96f,camara,NA,PEC 504/2010
fabf1d2bf0aaafab68f7b2c3dc9e4e5c,camara,camara,PL 5370/2016
52df375960b57d141d4a616d1b76e93e,camara,camara,PL 383/2011
d78aacfccd4e6f2157c6ea88438741c2,camara,NA,PL 10108/2018
bbecce8638cc609716b1a8f3057cd858,camara,camara,PEC 215/2000
671d2ecc692047456ad33feddceadca3,camara,camara,PRC 48/2020
d9f8204212bfa76133e73018379feee9,camara,camara,PL 3974/2012
4514b86e7b33fc65ee8f43de0e68ad3b,camara,camara,PL 2732/2011
2ee550b3bcb3e794a5721059ba985ceb,senado,senado,PLS 526/1999
b9c6bd4c9d0fe633e1193675837b4a29,senado,senado,PLS 626/2011
9b1c032f1fa1be01be649c5c598b327d,camara,NA,PL 6670/2016
b8067c5e813a8dd9a9999ea22b361fd4,camara,camara,PL 3117/2019
e4a1d801c23cd0572972d9ad59d14c02,camara,camara,PL 4623/2019
7b3573ddc2a808fcd447db94e22d3ac4,senado,senado,PLS 750/2011
118c44a111b807ee8150f8ae25d1ca50,camara,camara,MPV 881/2019
4f89264b58ac80d3dfe1c7d31549a30c,senado,senado,PLS 229/2009
be3faa8bc73a1d2d09575d61ea015c2b,senado,senado,PL 1864/2019
6ec15271bee601ef885a10f49e3910a1,camara,camara,PL 25/2015
640432223549c49dafcbf4b68fcdde71,camara,NA,PL 8042/2014
eab4756116ba1246da4acf3ab303b173,senado,senado,PEC 24/2017
da30049ad4ab038464e5af011b96ef73,camara,camara,PL 1974/2020
c9127699f9a374ed918550f552928c21,camara,camara,MPV 868/2018
a7e2dab0729304a47ef5577c63300de6,senado,senado,PLS 52/2013
43bae3f8c01c6a7f9c6fac09befc3041,senado,senado,PLS 231/2015
dc4efdef7c07b9069c2d47f902257d09,camara,NA,PDL 406/2019
65ced50aef5733e0af22dedcdbe5d459,camara,camara,PL 3430/2019
099ceb66d09b6d87b0fe5d305cbae94e,camara,camara,PL 3068/2015
d11b3645b1c92265f0948b446b3c3782,camara,camara,PLP 307/2002
1861fc92e38e56038410758af021a739,camara,camara,PL 490/2007
52481e10e7a5ebc5266e51ef7d234ecf,senado,senado,PEC 13/2015
edc39113335be8db9cde28f3d7e3e8ab,camara,camara,PL 2785/2019
66ccf888166e100ecdae6dc15b5b4ab6,camara,camara,PL 4471/2012
21c535efc8fca9cf39c3a30c61a0a8f8,camara,camara,PL 7180/2014
0b776ea7d29c04de8ec5d2656ffe59e1,camara,camara,PLP 436/2014
4a91f3f4737fb9f4db42f27969469511,camara,camara,PL 1917/2015
b56febeca94d591051d7e77518d3b010,senado,senado,PL 2491/2019
27049bceb3ce6dbfedbe524e184c4b73,camara,camara,PL 4028/2015
19b0046045e62aa0b482cd1e04393a6b,camara,camara,PL 468/2019
f02ed5004d566b7e5d8bd12026e7348a,camara,camara,PL 1497/2019
2aeb72fc98be939e4dcd29acec62a08a,senado,senado,PLS 369/2016
426643fbbf28607151af5e2aa81239e9,senado,senado,PLS 131/2018
eaeaf21704062c198a181b1e4e79f12a,senado,senado,PLS 43/2018
997d5ec3264674c302d9d5d4faf74989,camara,camara,PEC 163/2019
772798a61efdaf03ba6d8848994741d9,camara,camara,PL 7643/2017
582826c9f8abf1ecba2d36991fc3f26a,camara,camara,PL 9188/2017
210122405b07d6afc1758331cd8f8a2a,senado,senado,PEC 1/2018
dde570982e5aefe00fa0210c669e9b09,senado,senado,PLS 490/2017
205b5a6b871ba5689ebf8d9718a9c2ab,senado,senado,PEC 49/2016
52c0e07afedd27cd023782fb8007ab86,senado,senado,PL 868/2019
fb15c6f2b714994a30c5ab424c052afc,senado,senado,PLS 394/2017
85b5092f114473a6d42018796bc58f61,senado,senado,PLS 477/2018
bdb5cfe39d33a9f45d43b91c7ed21ba3,camara,camara,PL 7889/2014
43d7e7b388fad857f43beb3a01734801,senado,senado,PL 5193/2019
0ce7be16aaf1315b0d079d8f34e50c95,camara,camara,PL 1490/2019
7500df3e60ff4756926252536f956f65,camara,camara,PL 2641/2011
d57bf05912759edf98e4c57611cc213f,camara,camara,PL 171/2019
ff5b8c584183c4c910415be7b51e9858,senado,senado,PLS 487/2018
96cc17baa237c7d95dd21b5b6e501e16,camara,camara,PL 335/2019
0e27179ff1bf085bbba1053cbc88d3c6,senado,senado,PEC 133/2019
0d22af7dffbbbcb1ed9ce302485f9423,camara,camara,PL 7569/2014
1e3902b6cc244c76eceed66445180619,camara,camara,PL 2729/2015
e617df784ddd4dad9b7cec899a435583,camara,camara,PL 2322/2015
81b776c79783310a43853863cacd225a,senado,senado,PLS 371/2016
6c555677493cd2093211ebe71bf3ecb9,camara,camara,PL 2602/2007
834d305acb1a6a42c4dde2584d741218,camara,camara,PL 3369/2015
d59cd112a3b6d3b5201a485415c1dd5f,camara,camara,PL 6072/2019
4be307596d8b2fe6ed8eb14d5da3e609,senado,senado,PEC 41/2015
9bc8d7367ebb74a389f69749062701e4,senado,senado,PLS 221/2018
29b24e51c1443f49af8ee76015d8857f,senado,senado,PL 4584/2019
e51e796238bce6eb19e77244d5ea12d7,camara,camara,PL 479/2015
d8d063a2d4d435d622264a224443ba31,senado,senado,PL 5542/2019
8fe4341f8d98efbb8bb0881573d2485a,senado,senado,PLS 356/2004
3cde76b935d09283206c932d0c359edf,camara,camara,PL 3161/2012
f1b4749b4f79b744b6edfa24056daac0,senado,senado,PLS 31/2017
28e3b4bd2e7cba736a336e81a19845ec,camara,camara,PL 2933/2019
814338d59351b9247519204275891d7d,camara,camara,PL 6371/2019
7cdd033b658e75cfd990b5ba6baa5fb7,senado,senado,PLS 493/2018
ea03bb4878d89c87ec04b033a79d1480,senado,senado,PLS 414/2008
39211465523cde2926e4c11d7cca2005,camara,camara,PL 8702/2017
fd316bbcb04f17159544103652ecb8d6,senado,senado,PEC 146/2019
1328efb4173b1704be69303d13e034e7,senado,senado,PEC 31/2000
e9d05e099774ca6d46aa6cacbe939278,camara,camara,PL 178/2003
5651b2bb2813f631ab91dfd9a8a63fdd,senado,senado,PLS 151/2017
beae8c94e46a688ed1b72cc461972e53,senado,senado,PL 3971/2019
6a2e47c0ffe490e550884452646a546a,camara,camara,PLP 46/2015
6ece28188696a73cd19e798d4bfb2e92,camara,camara,INC 1327/2019
c97fe6011808371548b2abbff2d7d497,camara,camara,PL 5352/2019
c0b626666c3e2adcfec72c7db11b4e25,senado,senado,PLS 497/2018
52597e3c2dd96105952c7d9b57d09ac4,camara,camara,PL 1648/2019
efc296dfbbca27dc1b38e9c12fc01606,camara,camara,PL 708/2015
dcdcf33b84161b9624211ff14ec4c10e,camara,camara,PL 4275/2019
3edd073fbb6632d82b1f37800fb83678,camara,camara,PL 3842/2019
409dfa97127cfda75e95326f2cad7a85,camara,camara,PL 629/2015
d73dd746f70cb9ab0df5bdca35a9957d,senado,senado,PL 1301/2019
9fd0ae7be00ff2f24f57f76c752305d9,camara,camara,PL 3227/2015
62b51b2508a245df80b59bab0b205bda,camara,camara,PL 1164/2011
00f4635717aa5b4c844505b76dc8829e,senado,senado,PLS 442/2017
5efe6e6a680972424101da41fb619a55,camara,camara,PL 6223/2019
ffa951fb168e11c17eb7e2c6d97411bc,senado,senado,PL 5288/2019
ef8dcbbef8d3857f52ece23c604313af,camara,camara,PL 4157/1998
200752b267e2deb3a9c03a1ea2625873,camara,camara,PEC 36/2019
5ddab5d7c2fed8ff2570ea7e32514ff1,camara,camara,PL 3092/2012
18e1e6a9d5faf86ee9d69e8d956f1440,camara,camara,PL 3826/2019
856f242280137b9d7fbfddf39f46ab7d,camara,camara,PL 2249/2019
8b4008be3abecb07697463f267f3f069,camara,camara,PL 3551/2020
41cb59f99ad02469eac6e58ff9417a41,camara,camara,PL 4254/2019
c7f0dfe69221b4fbd46c487065fd44ef,senado,senado,PEC 99/2015
ed6be868bf9eac05a972e6ae89f0fd45,senado,senado,PLS 566/2015
390ba500f75e842e82b7d0f7d1b5e1bb,camara,camara,PL 10182/2018
04d1bc5d80d733ca73cda26085b4390c,camara,camara,PL 826/2019
01079b8ba844a3ed62845cae4d215a91,senado,senado,PL 1224/2019
34121abf273e669e7067c954d14cc2f8,senado,senado,PL 5095/2019
9ed52bc7780a2f1ee61060baca416d71,senado,senado,PLS 122/2013
37c6a78752e52291d71418dcfb0514a9,camara,camara,PRC 244/2017
0df883f36db60bad23add8c341c2082f,senado,senado,PLS 504/2011
08261699bfb1a9550bc325a84a458121,senado,senado,PEC 229/2019
b8fef677129fdb53177fb7b365b734a1,camara,camara,PL 3829/1997
edbe0bc8467460f208d52aa9ff8c7e68,camara,camara,PL 5592/2016
03eccb1be33c981cf26f95d031959157,senado,senado,PLS 313/2018
a7da4ffea598c562f0f6211a5806d833,camara,camara,PL 5346/2009
2f85611a31dc99bddd60191e7592f575,camara,camara,PL 5647/2013
4fbb020b6c1ddf40f761590939b72036,senado,senado,PL 1716/2019
eedc0274179470c51243c9bd9ff17fa1,camara,camara,PEC 158/2019
b1e1f752dbc1f16c7a78c729aabfb3b3,camara,camara,PL 1235/2011
b56cf19f7bfbebc63b329923c79cf652,senado,senado,PLS 46/2006
c29c3e7caf47c576f6db52e754a77fcb,senado,camara,PL 3517/2019
81198153a957b4538984376e65aa524e,camara,camara,PEC 200/2019
a3b0546ad1db1a4f831adbac20d2c43f,camara,camara,PL 10868/2018
6e780752afc5a64dbd07d7499af0292d,camara,camara,PL 43/2015
0e3432336cdf09384a5df9894b77ee05,senado,senado,PLS 144/2017
3b400ee2698df4d8fa16857ac5e9ba83,camara,camara,PL 1637/2007
8daa8c9e5474ab39335be36e90723379,senado,senado,PLS 494/2008
27b533af1f01ad88f877b6361b2d7b1a,camara,camara,PL 3146/2012
a62665660388a6cd17ced7bf18f9d5ad,camara,camara,PL 2228/2020
1c4bd179371cf0b2f1fef00a5503abc4,camara,camara,PL 29/2020
1650650de7c1429fc1788e80d53f5f94,camara,camara,PL 1286/2011
0c54b29b0cd93a3d5f0c84469032458c,camara,camara,PL 9418/2017
06300e95125044309535c081d844bc49,senado,senado,PLS 241/1995
fe3d1ee8712c4c44cb17405c616f87a0,senado,senado,PLS 466/2018
b988e4a3cc07fcc4d5d629992e1dd4bc,camara,camara,PL 5590/2013
a58d64d46f8c18c4aec2f57ef1724549,camara,camara,PL 5041/2016
d0be3cd1e6120c0fd917033ad1b6657b,camara,camara,PL 424/2019
c9406d841c75836976044b4dd11e13b9,camara,camara,PL 2971/2004
24abbac7c9216dc227abe410d350f26d,camara,camara,PL 1808/2015
d84c605717edaf2777147e94b3600a27,camara,camara,PL 5234/2005
51ef8509c90f717e0a34bb465adbaca2,senado,senado,PL 1120/2019
046b3d80c88d6ba9ab90666c9e8fe513,camara,camara,PL 1429/2019
ae9fd9992f842dfc3f1212f2606013c1,senado,senado,PLS 666/2007
9c282715b6f138d58f347711e878d4d5,senado,senado,PLS 217/2015
52eedc40f8988015d70e6b8ae0bbe728,camara,camara,PL 3165/2020
435ab7973a84cb25f4b072c421cea35b,camara,camara,PL 8051/2014
b2afc86d843ffe543d594c60e4f30e2a,senado,senado,PLS 498/2018
4ccd1754e68486c888e345d690340e51,senado,senado,PL 6032/2019
c7bc624115f1700ac2d2698dea1252d7,camara,camara,PL 3933/2019
46ea3ba373d57b39c5f1eebdc6736c37,camara,camara,PL 6524/2019
424eb34a9a79f8c15e3311a626e31205,camara,camara,PL 4815/2009
09066a6f1ad97c9f68a7b7fcacac477a,senado,senado,PLS 485/2018
cd4288f3b5d5ed14217c92a19d75c9d9,camara,NA,PRC 238/2017
9b6f077bbe7d9867102a812d2c964cf9,senado,senado,PLS 200/2018
55a04cde592c938ced12988405d504da,senado,senado,PLS 143/2016
d63b2d50f82d1d70811955782645fd0f,camara,camara,PL 6852/2013
0b824ee5751e80e1be660173a406642c,camara,camara,PLP 25/2019
964a195f66c065495b862f0262162c77,camara,camara,PL 4509/2016
801e30bb15fa25121ea19e4f54ca3b1e,camara,camara,PL 7047/2014
0fc528af7c188534fc8634e4742e4017,camara,camara,PRC 243/2017
629ed7e1c228510f6ddc0967aa068f87,camara,camara,PL 1712/2019
7b2cb60935bb6c097bd899a0c7e2d2b4,senado,senado,PLS 439/2018
9eab50ffe3cddce8277fcc97950a1d32,camara,camara,PL 1698/2019
f9fafc8082790904569959ab1ed52339,senado,senado,PLS 70/2008
9ef5d10680618847a1827e665f0cb816,camara,camara,PL 351/2015
3bddc5964e9007386039820f7636fb33,camara,camara,PL 10261/2018
90f2bfd4176602cd2b58e5c09f657823,camara,NA,PL 3669/2008
ac94986e90852b958c2016394068f204,camara,camara,PL 1545/2015
68f0bd755f6e2f7642ee43e2fe91db23,camara,camara,PL 7420/2006
cdae3a8310b62760870a612b47a92729,camara,NA,PL 8041/2014
2317d34ac56f83c149e58dcef5afc1cb,camara,camara,PL 5148/2019
6ee7c89e64998e4d482cc504fdb07ceb,camara,camara,PL 6550/2013
dec5402139f200cf9e1826ee0a4dc899,camara,camara,PL 2973/2015
f80a052836854416ab50f8acc483b111,senado,senado,PLS 700/2007
d15dfe84cccbf7cf81b4d8e2e9724046,camara,camara,INC 1326/2019
0a758463f8f3abd6f1d3472fda77304c,senado,senado,PL 5094/2019
4eebbb353e0284aaef5a610f01fb1d84,senado,senado,PL 4304/2019
5dbaacee095f73ab033574495ac8aaba,camara,camara,PL 189/2019
5685ce235c3e6b3849003ced845935ac,camara,camara,PL 986/2003
29808a203efc8dccfa3f8ae244948270,senado,senado,PLP 38/2020
fef110b5f0491f51898aeb229f5780b7,camara,camara,PL 259/2011
3a74e738641da826679cc0c74c2ea3a5,camara,camara,PL 1757/2015
ae3b73e99a74a62a1845b2564badd595,camara,camara,PL 2883/2011
b0670bce86971bb2c3082b7a8cfccacc,camara,camara,PL 3934/2020
d3aca0ed5217a65a1b345d1896a398b0,camara,camara,PL 10148/2018
9164039dfeaaed072c08829dc69439a5,senado,senado,PLS 311/2009
d4f04e22c8a602c39104e7bdf3210d12,camara,NA,PL 5974/2005
61c370d0b7ce19da9f6dd059d46de900,camara,camara,PLP 59/2020
ebd7bcadc19ecb000e0c2d1cb1b13900,senado,senado,SUG 2/2015
4e677929ccae66b35bd31bd5a86b22b4,camara,camara,PLP 82/2020
e5b4f99521a5c96aca828427c96d5dd2,senado,senado,PEC 92/2015
a31549178688f2d9b1e1febec58ceaa5,camara,camara,PL 7835/2017
7574be74295b2cf0df4b9d09b97d0420,camara,camara,PL 3899/2012
ca8b760c5d5380421453caaa927f94c3,camara,camara,PL 3079/2019
19a80a203777ef2d27230cbbcdda4ee3,camara,camara,PL 6150/2016
f7efd1fcb665df58ddb44dbc0e086268,camara,camara,PLP 88/2020
f236c97a3f7521120687802a7d3108a2,camara,camara,PLP 193/2020
7683343656cece8e9d6e26d2f69ee266,camara,camara,PL 7559/2014
add2dd9056ba966c369dccfa829f3458,camara,camara,PL 4536/2012
116e2886f3f56b43b8abd00897dbfeca,camara,camara,PLP 123/2020
0c2e57f3dca2eca3df218cb032f663c4,camara,camara,PL 1465/2015
0588659fe1b06f8e5b31071a494a9483,camara,camara,PLP 95/2020
bb818d103a456463a4f73d3475c0bebc,camara,camara,PL 723/2003
f4e8cdbcdeb42d540b96249ca27b8801,camara,camara,PL 3900/2019
f3ee4cfa99d227097bf9272d7e15248f,camara,camara,PLP 73/2007
ecc1f74ac11be28def1b71f8ecc923c2,camara,camara,PL 3719/2020
daa56dae713f27b1143ea567d69fbaef,senado,senado,PL 4718/2019
c03e810e569b1acb10ba8e62e5941e65,senado,senado,PL 2015/2019
5ce4657c57e74ce0b9a747537350969c,camara,camara,PLP 242/2013
3f962d059e7c3581edfc7b9dcc70c980,senado,senado,PLS 160/2017
c2553c17eeb11bd4aaa51302d18e0099,camara,camara,PL 6606/2012
0cc81dabcbbf37faf95ca5e694edc3bb,camara,camara,PL 6620/2013
bd99acdf99f1ff9f4d0b813a6f79c8cc,senado,senado,PLS 251/2002
e43c6dc324fca3d3fb622a05673e11ba,camara,camara,PLP 77/2020
ff03ef17c26444027c3de79d8564b1c8,senado,senado,PLP 183/2019
0611354e732971cc0e49b1ef44e94d96,senado,senado,PLS 315/2015
56725fe81faf47535e90c03f67b2d484,camara,camara,PL 5131/2016
b03eb53926991d6ffd8939f94e441892,senado,senado,PLS 147/2014
66bf72c95a5d38a7d2d6e75cb6fb72ba,senado,senado,PEC 74/2019
59fd12c3290a9fa3ca8c92d26a498221,camara,camara,PLP 103/2020
43a8561b834b2ff9c92713e2ddd26f0f,senado,senado,PLP 50/2020
d8a7d88b006300a4bd477e1306548849,camara,camara,PL 1098/2020
1b7bd6d21f41d6ad2a5a30f35c3549a9,camara,camara,PL 924/2020
a7c56f7af7460be39fb9aa0670e8aa68,camara,camara,PL 1598/2011
68cac4f847ac7f646c431125817b9597,camara,camara,PL 24/2015
f02bd53d9e036c829de29a904b28345c,camara,camara,PL 2386/2007
959d392fdc68eb5a9c74b8e4bfd55f94,camara,camara,PL 7728/2014
3a5d3a2afac997fdd55aaa057173f751,senado,senado,PLS 121/2016
4043a590339441557fef0a2c72cdacab,camara,camara,PL 964/2020
e30b036b37992b6de0aa4f0d80e883b8,senado,senado,PLS 230/2009
ababfda8a1156c56da8939e0d736b6ad,senado,senado,PL 5135/2019
dea2ec0f35b3dd5d85fcef95cb7c2437,camara,camara,PL 2862/2015
6f3352323f9cfe945270451c7459de13,senado,senado,PL 2289/2020
8b1c133f39da58b4920ba84b1190f94e,camara,camara,PL 10828/2018
6ae5af110b0c5d9dcae9d894635df34b,camara,camara,PLP 63/2020
d354171c4859ed6271c2d1e12bad36c6,camara,camara,PL 7954/2014
