id_proposicao_leggo,id_tema
12f28dc3e6767581d500f998267aad4e,1
4b5f3d3898b274c4705dc9d32a90ee84,1
2b084b40680b87ebc5aa92b5385c71ec,1
2bd49015a2f02da38beab1e1cdb1bc19,1
e816fa8da8145c5f9f23d3a5eb996ffc,1
1bc2466959107dd5a13fd523afd2ffa3,1
7d2c2c9c296b17e9d676b687682d2985,1
0abc27ed12e0b55914f8081f29e1dadd,2
0abc27ed12e0b55914f8081f29e1dadd,3
8f93cdbdb0853a45c05c70e825858def,1
b68f6497d17e9ac45153528c300df7ed,1
262fb68abec6bf8e898f7372ffd230ec,1
5d74ac6d319696442fe563d3bbcbd01a,1
23b342a1cb2bfffb4b4848efc90de399,1
fb8e85db193719cf7cd5c67d7941ad4f,5
fb8e85db193719cf7cd5c67d7941ad4f,2
360cc6fb27de6b1b69762a1083c6b816,1
1d1fe2d1c5a4ed2ce58149a728417ca8,2
b9068c25615734e86ce728c69fd2cf94,1
8719e735f24c060fc7a8509e42535459,2
8d5c6e471846cc8fb5c16ef8752e6800,1
ff8b79509cb21c060b52a97fd4a10930,2
0b2fe98e1c53afbfd2c776bfc91f27c3,1
4ec063c38f7072f5ebc9a1cf5bc650a7,2
03eaf3351ec36501a953226d416cdc50,1
f78a7b220e57f35010658203d94cfcc4,2
66f549633daab0c2a3bc11a27545da7f,1
9943b36b4e9f00ce624e523193c4680a,1
5e6e5476f7d00e0cd38bc8442b8cca68,1
f47c9b32e81b2003e5cb309c3e3e00ad,1
3b01325f8248243bfa5efccf0b6bcda4,6
b45c908eebe01019727461ef9e146cf6,1
4492ccf132e8c3ddb2a0ab1a17f9071d,1
0d463b54b5911bbc8b433f801c986c3a,1
e106ba1f07c256114d8e91491a512415,1
68040b63c6c4c870f0b0f2c5475516f7,1
95e0ebb320a29ccd476dc92add424f49,1
690e4f9baf01f30ba207f2b0c496f627,1
578e1330c41b76a1acd73725a0bd547a,1
b86f22331b78e60f8f1c4c7ae7e7a37b,1
aee393fed9fda65ad29412b4dd9dcd3b,2
aee393fed9fda65ad29412b4dd9dcd3b,5
aaef91922cf5e7a088f8d9a4abd80776,1
3160102fad5e44770177b03a38c8229b,1
594002fb34ba292b5afbf1a35477b5ce,1
8a59f3d5153da8df1a103802dbf4a554,2
8a59f3d5153da8df1a103802dbf4a554,5
73eb8a5db8fa68d9fb642ea5b5923c4a,1
8c64c907761438f01638e41fcb28d0ab,1
031d150d5277001238c53ca42a0ebd91,1
ade2d7bbfeb44da4539bdb62ca93e9eb,1
1748ee8fbd4f3140dc8d5af18d1b0927,1
d24d71859c8cb4b0e07fe703030728fb,1
f75ab1bfa73e995e4d5c16f450788e35,1
781448d04ddb467ee6c2e48bf14e28d7,1
e1e4186a587f29a0e6e91fd611b13900,1
75a1da0a082cb8c60b964b93ea147ea4,1
ebee2b6b39cb39d04b3668ee4177987b,2
4cad8db7e6edfe62d31aae06c8aca763,1
ac0895d39170e55f4291d527a06f71fc,7
d8284da248b0f0f0a480f17d395f373b,1
55bf4970c56b6757e07a8ea59db6bc27,1
8a8931491373fe02d7f3619053002645,1
8f7e86d3feb94a434b529c72db29d8ea,7
812f6149a3a74434aff867d61a32ce30,1
99322057d665d20633cbd0d401de297c,1
ca767b6c7158405183482f7ff0b7f1f4,1
b5853b72aa7feb79b13bec97f0ecb854,1
8940fd56096aaf713413fa46810c6b6d,1
5a94ce78bce79174c506f11954891dce,1
d8b09a178519142dd048addc63672b33,1
0ce3875f857ba2244559639440563080,1
5bcd2929d9a16256cec3151eace32673,1
dfb9079d68d7469953b8b9d384fdae7a,1
4d7a4255484b2fedc93fbb0526415d8a,1
3e8950044cb3764f05e0a1ad2456d734,1
5ba45d75436610f1162933c8bbe5c766,1
e7017bc39c5f3b08faf3b23d1c37d0e8,1
566ada6cc1ae0f02da82dc63749d39ad,1
31cd425df4e4b32234337d3db1df53b4,2
31cd425df4e4b32234337d3db1df53b4,5
d658ba500108671edef3dbe354b1ccab,1
a70f71abccd6b13c8242d76e33665f53,2
8b9e6a33b0d10d5aa10bd36cef680448,1
641ec7a093b6f555508bdadbd2fcb0d4,1
5af016a3e9d7b708ded414a81084870a,1
0d401227e9bba835c4d40afd15b37012,1
7a9508af5c5a98a2a3bd0976b6548cff,1
726ec9ec39c3540adfd5bb96ffd9f2b3,1
75bfe7225fcdfbb19530f334b3350229,1
16431d7a9f3e2ab42488d99b91d07cdb,1
7360567ae7ad3f6076579d2f97245905,1
2a2996adfb7bb68409004d0ea31c36b1,1
70bf5c3f1efa7a5f875c455808b35bb7,1
347381c5556fd4759ee832bd9bfc283a,1
9f90ec4b984f15216bb5bf4374687f85,1
fdc4efd0e88c2b4ef47bae29505eb2ec,1
be1147b8b7c577d27417b52a857358b1,5
be1147b8b7c577d27417b52a857358b1,2
2a50bb65eebeab67ea590f1abdcb9e52,2
2a50bb65eebeab67ea590f1abdcb9e52,5
92c6b29edab90b757b76e897c6ea4397,1
f49d457fb826ff0a6cda6891304655f4,1
c1f7e1d7c38d14deb9c05c63a8a7055e,1
08804072286131329064a4cf8034cd3d,1
9c9d48d8034dde3347e19fe91835a8f9,1
d84ec50ac4f4d09d1c644de71c4d89d3,1
cd5509fda935920ad75c1e1a1c0695a9,2
3c34c0ccb27e0973b3e7738bb4279133,1
f941fd281a343b039e9c5e14dffa965b,1
ce768bb965a4b3f6c4f86622714c0dfb,1
60098c5d3c9fb9f1331d522f6a3858e3,2
655f5b2623bc5c29c3738daab5ae9edd,2
91b600543e71ff88985790b3f2fe6552,1
fe7cfbab57365f881a499a0d4d95377f,2
a627bb69f7536fb659585a9853b2f845,1
75a797889d0b514533e85a44e5397ab4,1
91a88ffb2c4e277374d9f328e9b20eb3,1
203ae821fd25756d66f5961f719be16a,2
203ae821fd25756d66f5961f719be16a,5
4eba6f6a5d5c2f02ef087d755b655dda,1
c92c80e074f10551869e6c579bb1bb94,1
0e704c59e0ad27e33691d2c0fb5cdac8,1
f1af89995a2a6dedc8e583d577bc9276,1
8e449c5e91777d7db4697f371e2d7d5d,1
659fb8d260231dc5f5a5b119abad355e,1
4628d5f73312ee879ed458498c5c6ec0,1
2466458ef071de3a0bba5d196e21b115,2
654c33d3605f5dc7361215b8d4c29b97,1
af16109dbff04dd098cf77cfbd9822e4,1
e087a128b8355eb9cacbd934f657ee2b,1
cf4ccb869f69d017e735cd1c65d394c6,1
fe778ee716d829a1782b267dc8d4206a,5
fe778ee716d829a1782b267dc8d4206a,2
cbcba24652a43dbe673f50308fc918d2,2
cbcba24652a43dbe673f50308fc918d2,3
2d3f7dcbde06c0a4f88f04216b0d4967,1
7f622b17a6478422cb15a9f00c3e9287,1
c1e0e6e08115596ecefde4b56c3acc93,1
f4fb6e16db2224236ea591e12f036a3e,1
490d8bafb1f613c96c4a5fbd56db931e,1
1507a1edb062b3a7708253a0532c46a0,1
420f9da84ea8651f08126753c798aeb6,1
dc8a47d3e5d56251f1d0f01e9558c83e,5
dc8a47d3e5d56251f1d0f01e9558c83e,2
a8c14542283fc3ae070936db80e96f53,2
4a74aa77ad50b8e5bc406ab2485d8936,1
05df5bbba83734ef98febca75a691818,1
9d362bc498315364b3f36c322a7ca849,1
511837233092bcc43beb153d9b6de357,2
511837233092bcc43beb153d9b6de357,5
22c76e6b7abdf0cf9b2337ef39e9eaf0,1
aec2459e9c8fca94352e04a2e934e027,1
0bbd26eba72478c506ccef3f6be66b2d,1
7c754ff2d742e92d3405f1832bea3cd6,1
3270b94d1143b04e4f3ff3e165e8ebd4,1
e4aad2327720ccbf7c8250365a1b16ff,1
1e036b9ab9a2f7914043632e7e4d6660,1
9528f3e5fa03fc09bb7466f48f447ea6,1
62faf10bca22df6a9cd4e3339fa392a4,2
62faf10bca22df6a9cd4e3339fa392a4,9
26af75738c807832db568914415bb9c0,2
26af75738c807832db568914415bb9c0,5
d68c2f3c22492b0b69503bf5af16eb25,7
d7f02b884c1ef0f1cf52c10175176d75,1
b37cb0bcc90da4930e8c49668bf2caf2,1
0b211f215637c149b722ac475f57c6f0,2
ea1ced2df5c20fc16e17ee090433b2f6,2
afd344bac886162275b6e8530db6f9d8,1
2b04c7d3b72b0b15bffff99a8ba77725,1
afb0a832c0c9920c9430af64a2e59904,1
684667fd59de25ad8e62a70ddf9d7594,1
bcc1c87c3103cdddac1eb5844d11a818,1
9cccc1c5df87836c6d2319ae0cae5998,1
83e0c321e766943ab3d74dc0f1029655,2
83e0c321e766943ab3d74dc0f1029655,9
e74370deaa33db747ec90bfe61f1ab9e,2
e74370deaa33db747ec90bfe61f1ab9e,5
5657a9a477dcece35988d1a98a3ffaf8,1
9cc39bc2b73e450095983bfd19d7647a,1
aa12140713f2dc0dda21736e1e8d9e1c,1
cb7dd75ac894f83a5539385e9ab7e391,1
bd002372397ef11113ba41fe8c4ec1a6,2
fc17d05aed3de0ba7940b0558cb7c114,1
353789166b9a38339234931bcd6c35ca,1
4471047212ada59223aa2627730e2752,1
a42342a1527adc5b8d27970347957e8a,1
9e8fb7e6a0190de22808b6b4c77e5f62,1
7712619f4e808c1346c633c379da5f99,1
74dc1d8875af5dffa1a2f4f57e2eb7dd,1
8dc37343e91b0ef2387c24db4a23fcb5,1
31f596f06bbc076bb6160d98244ae9a4,1
1f91e9eaad9732b2ace2e8589b8b7b2f,1
8906a280704dd1c8e707d778cea2ff0e,1
203683d493c5146256d297c5dd7631fb,1
f0e3304ac8133788bd975bed30d72060,1
b2ae56cdec6ed79aced0fc616298d073,7
9246a2841eb5c14c0053fdc815a743f1,1
60fb68843a26c6b8333f0443ff8d2531,1
1ebaa95e786a018aec8954f5bf7077f1,1
76b53f74f77ad2b3938e678096824a3a,1
e3521cc574af3f19a717ccbe678cf352,1
2dacd7681aea10ca3cf876bd63575118,1
4e5828fbb0bb5c451a3629f6f4a5aa35,1
5c4ae565e6e7071721df78ccfc86b4bd,1
7d47cc407b181717f57da99b9692bc57,1
ac9c4a07dc7db4e112710e6f15e5d33d,2
970b4b5e848e76a4803834281c27cfa6,1
01f8f801b6689cc8c13d3501a0ca2a74,1
44ba83428012bba35d71435ae92a3813,1
5e51fd41a5c1760fdd6f57bd0b0fcad1,6
1ee65c0cc3bfb18dfde834c5f48776a8,2
1ee65c0cc3bfb18dfde834c5f48776a8,9
0dac48909818f4d8b5c832ffe366d45d,2
079e21a1b805d68296aa83cdc19877d0,1
b892a8c36c3f4991aff0bfcea06472f0,1
5df214a2ef8523502be26346d34696f4,1
ec3475babecfd2b6bd18cced6ae3a297,1
79ec0ae8bb031d02f5bfb8f85e1cf5e3,1
163de04ed290511d49e6d6cdb09d89d5,1
f3650a7f244c863c16512591370c454d,2
7e87117e1b381387de9c875142f9dd25,1
1ec08004053e3d1cd37563b23d26334d,1
9dca762a5d24c9643c21b3687257c01b,1
3ecb56c86c23bb46cdd277e675b48b5f,7
4baddd3a19747de6261783e6ca4d7582,1
c03e77b32dc55cd4ad80304fb695b32c,1
d84d49e854f3c51613f2a70b278100ea,1
cec80148002502e958d645a507a12a29,2
a52f02bf9bde160a2edaa80e8a66869d,1
ceb495c4a90f27cf40497d489d12e1cd,1
18d66a74c15306a3fa35f9ba00c29ea2,1
76f4a4e8c75077c80a2346f9ce1879df,1
2ae0402adf09a509fb0d1d8a46280632,1
1cdecfd90a4e8ebf812c2f8664dd65a0,1
425268d30c860649b4ec6e9630a728f5,1
3ab90dcb68f006dfddf740ef611be18d,1
fc822f1a70ffc888fe9986978337d54a,1
a2f8204ec3923dc49d2a1c82803efe57,1
d50e1e64f5a683a1e085e0a1060cc78d,1
a87bf26e5938e23bdcc89aa02f26e43f,1
bcac8696f03904da02918b8e7e260dd9,1
356fc4c15a10ee8aa8650fb43de96720,1
79ed1f21250d33e4199ffda273d36271,1
082af2dd67a9b98208b61c66a65c2547,1
e630fd9d042f35b2a688b9a907ac66e3,1
7872e0b131ef579268363af5cc377cc4,1
5f736edb278a7fec56e2e63544c62825,1
65fa629aa98ff8cf2108fff99e4d8c8a,1
62bb4cf52ca521ada6d5ef6fdf024589,1
3708a0fb65453380e5591b581033d35f,1
8da5734330cbe80f1fead7291b2a0fea,1
f236e211d1f86fb8afdf373d77a9c71c,1
ed5b51ab8181f4c455f2126ef459fbbe,1
acd7d04ce97fae1ce6c5cc1cc73dd63d,1
db55176bbb469639dc16b129627515d8,1
c8c83a4dd925592e479fa7d17ae28a9a,1
aca1d119ae12d7ac43b474e43990269e,2
fdcf2b6c60533ef0f0760fb029cc36fb,1
e0e795c5e727f9d03398cad1c8d003b8,1
ab74fd0a33d20a6be8c1274f14cbd2ea,2
63d11f908ec58e82f3886950c3807fe3,1
9901beddb12c073bee481f8e8d1cd4c0,2
9901beddb12c073bee481f8e8d1cd4c0,3
86d86b3b94f53f9192d7ab8bcdf47b53,1
db0f60d062003deba207dd96030581d9,1
46d482171e61af9480e60eb276aa8096,1
eeccb0875b3a84cf4211502b334a4316,1
f11cbc363d206e4e8af8f64f771a519d,1
916b05c344936c7a0490c2995ebc115c,1
2f9960c5629a3e520b7b475dc6ccc4a9,7
4dc10a806336a32a92eb07326010fa94,2
4dc10a806336a32a92eb07326010fa94,5
f68848eb3c9393fce88a6b2dfd7b8919,1
2b2475eac4b0bd50f918639f5bf416af,1
afc1b6b3de679e56bccdedb225dce0cb,7
368a48494a7a66287d6d70ca967ed17a,1
fe023e3805b6813b31245b69387ee27a,1
e0483d4d439edf144ac8cb14cf496bf1,1
6b69b0feb1dffdd387e34705928b9325,1
556ae3e5173a9d96003aa16281c44f69,1
583a7a56094144599313ad2ed42a37fb,1
c759c332a7aa3439606dc0625e39642e,1
c1c70166fcb5a5d866939da035224055,1
c11adf16e7290696193023c4db09738b,2
e92223f9c5e4b0694b1149511a6a8fd3,1
86f049acfb68df14f82d8280548e24a8,1
627993e6465b73a30b1e518f70ab0618,1
1bc118369be59b1c53d00e2c3149ab77,1
c2c14659e54e1600011367e4d8fe7949,2
dc6845bd5bc48802f30baefadad1bb79,1
fedb75a55ed2b4e98a5d7b99e6a13fab,1
aba9b5dca4b8402d6a9c0c248035af26,1
a73c7c5b9b16b9e4319e94bd54602899,12
89ce154e0c22c69479594f5718be7b1f,1
8528dfccd8d5139842137154b982faa8,7
4bbcdef7ae27fe8a1dde58998e256313,2
03a5c52dd859ff191cbfab33e3e382e9,1
8096677c0e523c92c8073934cb7bf402,2
8096677c0e523c92c8073934cb7bf402,9
57da6949221d50910df414997642c8c4,1
1d40a4c14752c11d915ca8aa8a505efb,1
f8e5a09dbaebf4652a60a829cb937efc,1
4c9055c5a31642082ed2e6aa298dc1c0,1
96ca45c05b195f690ca3b4b44ff888da,1
d83d686c6cd14332642f8015520ac5ef,2
28d238af18823e8928475bb532d5f1bf,1
e14ef28efe045a8d1d1fb8ac7b5189e5,1
9a3fbf754561a72bd063df75a732910f,1
442db560efbe70d32f0a8982fa90dac5,2
442db560efbe70d32f0a8982fa90dac5,3
2b181fecc8d5533ca1bc8eae0cf437b4,7
2606e2a45d9eb4afffd5797d15e95962,1
1b23e5a5a4d2d9c457c7d6b40026c0ae,2
015039ddfba89303365991b68cdbd4a1,1
ca18cce08364931e80459c151e29ab5a,1
33f9158161f50253d875d8466ba35599,1
a0cd3dafaa684e200b15b079ad1536db,1
5305e1a0c3f0868f1a997da2dc46f8cc,1
ce8cae7ab2c17c6d6e4d29aaebb75ab1,1
72d942c4382ced86cf908fe246f40147,1
003041d8f9b0ecd595de1b87d0525e7c,1
dc426b6b7f66de4878e5bfba9315549f,1
5edfff7bec62f9662b697c104d3d1f06,2
5edfff7bec62f9662b697c104d3d1f06,5
901ea08b30f5af43b3da90511ece62ff,1
4853f41abe71bca256b951564ff498ed,1
7b45d998a68f2175bd0794ae3ee2f26a,1
4a28c4bdcc33cda0021e80766e9c04d3,2
98f8fe958a2955bb77f6fcaa54c24f31,1
8ea746b0e2baedbbf5e10bb70d2f58d5,1
ced55ba854e20465027e17b5c46e8ad7,2
ced55ba854e20465027e17b5c46e8ad7,3
c74a91d21e636676a9e78bbbeb12aebc,1
767ae884d5681cce69870528ef1e7618,1
e7b9e882db250a303583207fae599d4e,1
9d835734ed8be2a01498f29542112183,1
de00226e3a63b6e45fe3f9e6b0489f87,1
720eabb0d97cfcf3f982b9d6820e8daf,1
3873f174d0a89f04379955c58ed03e55,1
0488cf54635b23d6c243304e072f8c62,1
5a15038f3cb577eba2ba33920f294cd3,1
72941737315dad53756fc59e763f9396,2
9104fcae3c644d1e87007b78bebd26b9,1
5be57624b4f8d7714756bfc51821a65c,1
390f87806fd6c6c14e11b1bc55334f1b,1
45b8fb4ab848952bda01e797a7086572,1
5aa3bcbad7c4a5038f8d5b99b33e8e57,1
3d7bbefb81802e6577d581e3ce49931e,2
313f73641ab6e17b3acedebdd89806a3,1
242605a56a771d2e5aacc98a7d39bb20,1
431c027eb9b1a9755ee05e55685b049d,1
0047793473c84bd1a1624be14afcde63,1
e6eb68c606da3998fb6a32b13acaa0d9,1
abf36d44d1d50ae7fe64e740e978eb08,2
abf36d44d1d50ae7fe64e740e978eb08,3
7b55957846b3cf8b933770f076e43ae9,1
5a7c98cbe272e1fa0b3e4fff8e0aa043,1
e5f3d504151b9448b8a83ec267297fde,1
2ef9e7c48bbc23cda17e911c06bacc2a,1
a331a57a6c5a1df24d2b6742bf241050,1
f1656ffb5f8dadf7cc6c6ddd3e0cecab,2
bf1fb21681f414a3a79488f05e0e7566,1
71c2f165d449bab7e2a7897559f31b9c,1
274a5ffbe703df05a77cba3ca1b48d0d,1
b0ceafc127cd211c3e90c39d88420219,1
48d92ce54f8b91e93da58d6ed4255b01,1
0f925a3f704fcb3996b9e0201bc5d154,2
f2ae4fae11dc113b9ab55152e334038f,1
ce62d242fdbdd62ef644491a299a50e5,1
808d2dec18bd60f246edc20df1cbe442,1
2ab2020e8f54325d67edf04e7b8bb81d,1
b5a501b95cd9572a27f59370db6abf75,7
bd6228f3c09a4f2c9ad2391435b9819e,1
2acfc18d8cfc78135c05afcbee1a9922,1
25af99ae2a8fa8b6200967bfde6d31d4,1
07382dae4fd4c9ebda5149cc561896ee,2
a3ddb01c8ec4f7cccf87fc343e68d85e,1
ef6b8c0893dfd9a3c3e1c32a3bb7ed45,1
31d7f0333b7770983e27442ac4ab3914,1
fad9f9b739cc2bd58fce57262adc8f19,1
a8c592e4a00b8816a53b0ab59907a2b5,1
958ba2f27eb42878399352c44598abcf,1
bd80e20bd0041785b6aeba1f7b04171c,2
bd80e20bd0041785b6aeba1f7b04171c,3
55be80a3d1b1a204255237b6f7e5dfc2,1
0758feb5b4d3b3e24cd4cd93f9a3f94e,2
0758feb5b4d3b3e24cd4cd93f9a3f94e,3
a7430781a325b71dd7cdfaa52146407e,1
7bb5f6a33237b989ec3d73fb7d53393b,1
5e50d9aa64d52594ea44b8708c2f607b,2
989d14da2a1d2f595b28f7e4f24847d2,1
e12f9f8b5cbc1e00863bd47ec4092cf5,1
16af9db6d015cba3d5928a84e8979fa8,1
d77e13a8515ed6b705a9e88fdf596582,1
ed6f34077089e3f83fd5c2cb406e4876,1
8166fb850c6193b875fb0afe8881b67b,1
6ad71ca6f0ceab2147846ced2efa11c9,2
70273486ab6f0eef25ca493b5bc6f2bc,1
9a19482b319d5e9ff15ec1aac805fa8f,1
b01ac60ee5bcbb5eb36e0bde06e348bc,1
431ea4ea34cd3310631fc94eecedbd59,1
0caa466e90733e74d6a32029e9821642,1
768cf67499b8d195caaf647b596ec5a0,1
b3f97e413061c49bc3968ba7e6ca3ce7,1
31cfaf93852f9900bed1bdab2e32d02b,1
13dc6bb46e9231580e1d4244d0455240,1
d7bc64c07a4de84c526f9c610cda59ab,1
7463ec2f963b1015da6b792b0c2c7484,1
63d8f1d0c4033587eda7eaedb0aee7f6,1
a59e682385a63fc60bf28fab853fc4bb,1
02bdd0fc39e0e6d1319cd75d2cf2e6d6,1
5b018a377b8a694efa3bc4296096f6e5,1
3965df4685a24669895504287c4e64e4,2
cbc6c40c38f04d53d014838a413295af,2
657ef36227791c5254b215bab785aaba,2
ccc6a93e95b81740a2f5d56c3d623139,1
45e81aa70df2f197c337c1c62eff3631,1
771aab575448e2a1ed8721526dc371da,1
71545ac38653c3da7246b0959cdc2fe7,1
097a92924fde3d11306762d15f240a54,1
3b6dd0da600695a3d7e6fc5c3b584a33,1
ad6fa4ef65ccebeed52af4a6c69e76f6,1
74dec0526f3704bed779c182c7f2a359,2
ebaccad66981f192b15309173d056400,2
4a5b77be40ce0f1b0c89ba2947e10dcf,1
addbe5cbcbff19307059328c20ca0475,1
97b7a90aa032e5efdc5c2c190156ad45,1
4b614be3c2b8afcd60b49785a1ce92d1,1
6b6620471155f2b9b074ac2d1c3ba540,2
33a1cccaff211ccc372e0f4dcd748179,1
3491abb5948fdc2c933f33ce3122dbd0,2
3491abb5948fdc2c933f33ce3122dbd0,3
978687bed9e449280c2449365c16625f,1
d9a47f0c58ae30a1614a181356b7bdd8,1
1434e6c2a75e7f094dcdff676b61c30d,7
b084451e4d3d6222cf40d8f374d7723c,2
ad64f68df44767e0cea833cb7f9e8564,1
db5be70756b8b0806fd59f9bf9a47529,1
43db2fcf55e0b3836ece9a2f844c3f4f,1
e5c9e9ab18d31fa52c0636a164b39651,1
3c936f66b84daa6dfb6e9b51565b0fab,1
664dfe54f739c243857a41fb21291da5,1
67ebd6ee2ca3c78a063478e0dd388225,1
e22b1e1f747f28f6a03d7a187e584fe2,1
07bd69f53d4f32a8e425f7155cb1cbb8,1
362911252844aed194f3a1be8f21b5d6,1
954bc0cbda8d37f7013d7530777a49a7,1
4d1e63b36bc0554e8df53866ca08e113,1
e39c6a8c3dee62975ea0e6d79ddd0ee2,1
f8f266efa4b9dc91e4d1407049f5e820,1
5367facdb2a0e88cb853b14154bd0dca,1
f1f261c592be0940db44e0d814dfbcaa,1
55c8fbfdd0f5403a018aeda002af1624,2
173c40131869927d1863184baaca22a3,2
173c40131869927d1863184baaca22a3,3
d4d8b2b5da3ba896fa01604364c7e44d,2
6229cd17cc64695f2f711cbd385479a2,1
2e862aba1df15c626a5f5278312aa5c1,1
18d9baf55b0b66ac76ad1eb14164cf04,1
cc943f2955fa0dea5bf1c71e07a6304e,1
b5e4311d58efc78450865cadf4c4a3b5,7
7ea19da3fe9235b0e69cf8e7966a78f2,1
540da6a2a1ab006568075b12b88dd659,2
540da6a2a1ab006568075b12b88dd659,3
e5df564e8303047d3e5c1b19c9cb21ed,1
8ff52675443e94150a8291d0a5ba3195,1
ae40b2584837a49c85aaae02a7be2653,1
953186be4e0c615ffe5643bc5bfa7b1e,1
dea3cc9f88092539c590a6102d5751a1,1
ca745fcfd6c957e6ca88623babf9f6df,1
e4d65a5b102848607995970f1c90e3bb,1
9128a036b5b1e0d4330e8254397a0952,1
8344d744dd2d58447561839aa9b673ae,1
9149026548f9611f9305fd40827db635,5
9149026548f9611f9305fd40827db635,2
6083bcf41dfec99a822e37bc640d2a06,1
f2c29f05b428671905d898597aef608f,1
8d0792ec04c87f56eae3e0ff86cf8ff4,1
ebaa679836749f4bcb7f06269972bec5,1
127d35f5750b61cd4d6316faa60fff78,1
d25d0167b08f43a21f3a0ddc9aaab0c5,1
422824c4dfbdd366402a6d572187c703,1
d26b0638f9981416c01728056e01287f,1
d8deca2d84f971c6139183497e8c9391,1
1507a49676e834c9e6e1b9b3fc369796,1
7454e20f884bc6af888ca4cc58ce2194,1
d8923c1efeaaa8ab34a2af3a42bf19a1,2
d8923c1efeaaa8ab34a2af3a42bf19a1,5
71f3b86fed7ab60589b84eb94503b99c,1
f2fa593d2e5894054f699437cdfc1971,1
8ca351bfa42ce06c328f9927764be115,1
7a334e11275cf01fd52e7392a93516e6,1
26cf107847f4765c3f00b02e97cd02da,2
4d76f1c3d94660ebdba3797d4d2b0d2b,1
92cd677ed7fccdf0f83fcd158ef3711e,1
b3ac81553b831580081dcc6b699df885,1
3f98fe0fd259f0decf7402366394972c,1
c8cf881bf50fd6287a536aaf464c0bd5,1
793822c1ffaa368eb6422c04b83837a3,2
d5d1a579ad8a7733803d6a477c34f121,1
73a3cde021d64623f1537b3a5644634d,2
73a3cde021d64623f1537b3a5644634d,5
743bbe6433be233b5f36a0b88b84e190,1
a7a82931085ce3f0252f95a7f41c83af,1
7e56fcfc8d86c4673966b3866da7b70e,1
4b4e67d20be9ae6aa4cbce88d18d0478,1
3e006550dc9d25b514ff4723e1f53139,1
1b863430e00f9f394e93eebaf96aec29,1
92a9ad77a98a6ad546be61861638d877,2
5caf3a545b04c8c7d2df430e678e215c,1
c414e3a1ef20d4a42948c5cecbb5d401,1
c1fef5ebaf25110a3a3a66cf7f01788d,1
1fafb7d3c17f8dba5683c110bf2df2df,1
4e74b87066ee56cbba31cfb537e4cb16,2
4e74b87066ee56cbba31cfb537e4cb16,3
b7a17347708313242a7fca1a1770834e,1
0fdf47e192f70a50e2452931381fe733,1
f28567abb892a28f38ffa0003ee52e64,1
add988823c1157052eabc9a6d595c58d,1
10d06f84d047361e358e6168ee194f01,1
565371be04442d5a41edfdf9d42a35f9,1
f16d43b30f86d661185a4d3ac21a1280,1
d521ddd441e7049ae107f48c9b6c409d,2
fe8b1aa8969555d10e491dd38b74a5a6,2
a660e040b697f66ae6459939cbe70d0f,1
2462919cc6ed26971f2a91de4e75c82a,1
4117c1b174df534da8eabf0023dce14e,1
34d718f1cd9d10f46749a48041456be4,1
2b253022b08ec2ac5a71fe0b0b714c5e,1
256cb0e8e65f6f18c2458128b8056e2a,1
bff1e9a505d0eee2b74f80b3bd9977e2,1
bc68ebfe9b8a371617b519da303e61f4,1
e71de633a6c927664b925c8711b7f276,1
030edaf9011b1ce30f55f11ddb9a57c5,7
5d451a050f63878899b0fb16255f6b5d,1
8c68426fefc96e8f847e37ad2edea2f0,1
10afc01447a0ef58c39f1777a1bb121d,1
dc24024849bfdd03178476fb3b0c3f0d,1
8106f8bb45ca42d6aac72a51102df0e9,1
468d219c7647daeb84fd141dc19ec13d,1
e0fb28a9c1cffe9cfb6abb280536f380,1
16f28c3041b72c13a98235313ac16e45,1
d4b18b725f0b9a1f51d8b18e4cf5a7e0,2
d4b18b725f0b9a1f51d8b18e4cf5a7e0,3
a66622dedfd61ff33bf664f962e1fd10,1
2f43686ce988729f5f29a37ea543579b,1
fa5dc1d50b0560d2c01e9d338f831b44,1
eb52361f73403caef7785ce143a01d47,1
848f3dfdd137a3510ae32b60c8b19c23,2
848f3dfdd137a3510ae32b60c8b19c23,5
6f2466438410426bc91af899faa0882a,2
6f2466438410426bc91af899faa0882a,5
2d43a6e5e108973ac891ca9fe0d8eb2d,1
701b84b9ac90c3025b2f8d75006e67dd,1
e8bbcb3d7b531841875ed6a9ee5eb384,1
c9de6503ae49e89984fa838f342511f0,1
97f22f966fa33d16a774f66150cec189,1
829affbd254b5e25303c115ff6ead244,1
c5eba685682a3b41eea5e72c16f98d5a,2
c5eba685682a3b41eea5e72c16f98d5a,5
41488f614a13488732d0d97cbec89c5c,1
72c3aef0c910f81179996f98bb8c95ef,1
6cedbb455fdd32fca718eeb9dca7e4b4,5
8d611266f065e6132c81f09fc588429d,1
2857aea803e6efbc57dc84eb50764bc6,1
a17a52b614af37014393f80e5e03730d,1
2d74ad223b0f9c6ce33b554ba2a38ee9,1
950c947b395cfcefe5bfb5b7af56b3ef,1
0647ce1678323f719c2d5ef3692b1ba9,1
8a71bd8c3ffb51631ef4d5429fc30844,2
8a71bd8c3ffb51631ef4d5429fc30844,3
7101c10197aeb246050c6be0ab39e296,1
660c2206d21fee4c2e97bdee149a5018,1
f6f1f393780f3fc4952fefac1b1dc644,1
c70f48eb6674a64d3f579cc0cadfb9a4,1
92f5e2ffe651ec6a4484af2f87c63b81,1
461f700e99fadb2b644c598f5458ce78,1
410c719db9d5359a008fd82675365691,1
23aab13269062f9c5ef3fc9f02df639f,1
232e083cb474e24cb5204b2b8eb15247,1
85fef9f2ef9c258bae8c31cac7f67907,1
b9501919176f8a9a6db812419e9f8d17,1
b5c882bfea7ca44aeab28eeca22a582f,1
923c71db74f47893960d0464abe21889,1
46dc4d7897874b3dacfb4bb9714eb54e,1
bf906e4e69a3f0864cf079fc194eed1b,7
b4d899e8d6f4c23720f63b847109a70b,1
97db1a4488de376d4e38c05db6c010f8,2
97db1a4488de376d4e38c05db6c010f8,5
e01d193bbc3d825218496f02b85dc88f,1
b2c0148d2effd820ff7d84ed9e4e3706,2
b2c0148d2effd820ff7d84ed9e4e3706,5
e0f732e1056b4dba632d8f5ebbc1cb0b,1
5bf54b9c29564f063dc084d0a6ebf138,2
5bf54b9c29564f063dc084d0a6ebf138,9
9473c4bdefe4d91ee8f64723084d8e05,1
5664e9e2b885133b20168b4842bf9281,2
5664e9e2b885133b20168b4842bf9281,5
55be5dcd2e0febfb39c0dbb11b1867c4,1
42e70fca0c0af824038feb0bd9d91beb,1
d26f352fef06c4f1c63600e89c9f7935,1
35f1888d7d17cb65140aabe7b9f98534,1
dac2e63700dd3bce2182d29e45590413,2
7c3cefa785d1a3a6679bade2e7b98ba3,1
7adea2b2fca3e6c9a341906d218e53ad,1
2c2831d677634fae5992a23010d6c18f,1
87ce7a2c69509ece6fbb75a4c9167588,1
6d9fc7ddd9e4a28ec7c43960ad37dec6,1
7629882f7d0236090b08bbee5f60a412,1
5795d39eef31d0ca3e07c12e9ceda513,1
7b66e187d508b9940394c0856a8f19b6,1
5bac63e76ffeab7049afbabb9354c53b,1
528e36f7be0c97bcb1ef9c5ad365af3b,1
9f6144a78268c9763929ab29c3b7a31a,1
604284c31bbe7d6980e2c589a71d2515,1
293fd7895f48b0200c93c659ae37075d,1
e610fc32eb430d833a11dd973510732f,1
af5709b02721655d555d446e243f1079,1
ac6cc4cf73c7696d8657a1baf7367894,1
2f0dd2baf2721f03ce771381e2dd9443,2
4f8398190373ad64fbf62ab437b3decc,1
1e14d428f5b488d310844e6c2770815f,1
078ba8d1552be4106d551dc64425f08b,1
e66f97cfaa9414df6454f755ad403442,1
1753489acab3a8ac369470c752802eb8,2
1753489acab3a8ac369470c752802eb8,5
aff92768d6af20704fdf93f6506efc68,1
4b4382c276732b2e8b52723eff362773,1
1ce3cfa6963831194d49adb46cc96952,1
09cb2ab4ce1640dac7bdd00c9d3ac3d9,1
fe9670b5ebda2fceed61c709a6806d71,1
4e15e1e9b9e09e6b354192c468f43549,1
3e864aa85af84e9424e1dc53434b6b4d,2
9da4ff9f8aa8be18c70df428354bfd2b,1
d9a5c990a77f368e536ba1b2fa7d6538,1
c318006999bb4146a862425b6cfa8313,1
6d783234bbd9435b69b225714b04b030,2
6d783234bbd9435b69b225714b04b030,3
30395c7a4b419079d735f8eed28a41fe,1
3c733e0c6299f5c2d644ab5ed4828ec4,1
02eabdfe6de5c71af7fea09a7bf5b29c,1
15d27c8a3e895600fdfdd817553a6770,1
00c7045c5decc57e192650bba00447cc,1
b09ff89288920060f9d36141c2e4d283,5
b09ff89288920060f9d36141c2e4d283,2
6639c73facdffac3d4fed99f4b36c2f2,1
5ac71ca76c82bea4d93ffcc82a7339ad,1
6f7e4ddb37b9d59162a19fbcc22ed5ac,1
abaac5a2637b6613d5601f0d9db25da8,2
abaac5a2637b6613d5601f0d9db25da8,3
1d3de4b7191341f84d253a753ca5bc04,1
1af1bf9b76c4f19825b5d66f20e080f5,1
56b6836193bcecf355d818e05c65b8bc,1
f1839095e3b9cc6c93969bd54bfb5a99,1
44e0658caefaf5594bcfacb0f5b348a0,1
af225c67ea7815ee73d793302020b7fc,1
a86fb79b8cdf60b50748dc80882f2aed,1
79d50595f7c396b9f002807ae22012bf,1
86a7f1cdf96cf82705a2fd77acc0d0e8,2
86a7f1cdf96cf82705a2fd77acc0d0e8,9
44b48c825a876c2f4fcbb1d93bb6d49d,1
681e5415151f9276e56b77ba1550a9e1,1
252b869d8adf21983697fce31e6be987,1
3aed41b77d7d7c1360e1e70d411e72c1,1
7d2df9fe5c552a08ab5c0c04ecdfc722,1
a84162fce1a7fca5e33bab1aa35aacaf,1
f5e0338ac8e5f8a9d0ead038009b826d,1
ada203493bfe9fb12dcef7a28eb8fea7,1
e7a4b00d4f2e39406d241c59a46b0c2e,1
ba9b9c25cbb737369245a9b06d6cff42,7
1f0389c01cfb631c9a627cd43e704f9a,1
f22398cb3c824b5dbfc0c97b2d039422,1
d13e5daeb208c070bdc9d43231ee9a73,1
28cb52b7b0bfd82744445d319ea2d215,1
649451655ccd5eba41acb283febdf3b7,1
604105b60f09447aba9b583d71e9aefc,1
4ee7926f0c20470f16c4075c4ef98e78,1
39f5891d7bd0b7907d2118139dfb1912,1
4ffc0908ac523706511a2557ba7add44,1
0d9fd8d375707f7b4bd08ae2ed4e1283,1
823b613cf5a86c818be7867ea92b4ffb,1
73a94308cd0793c404a0e30bd55e9052,2
73a94308cd0793c404a0e30bd55e9052,5
27801502fe8b57eb8c5a318fcfe79d57,7
77e7c44a9b6e0bd3b3cdb80c2bb5241c,2
1f3dd954942a5e88c76a392418fc129a,7
2d6dc321e6e74b3d119dede973595389,1
1daf3d58be348277eecf99a1ca8f9f56,1
e26dbf99b430ad4057c77cbf5ae1bf76,1
430dd8da744c21b8485718d2b905324a,1
22deaf763c7c0eb920a90b9cd3da463e,2
22deaf763c7c0eb920a90b9cd3da463e,3
8d0d85a3d93b170bb35e8c0ed79abdaa,1
e400f1f5f27d804050a4da32ecf2ed15,5
e400f1f5f27d804050a4da32ecf2ed15,2
57d5d6c9ab4f5b2b5743eecac9ed426d,2
7a84b7908e6820d0d2209969a757fd19,1
58ecff401cbaf5bf8e937b6f53290ae5,1
539af11781c4c18d169bccfa25b8226e,1
5f82302b69ca434a088543b6878bd5b5,1
775cd76a074d5ef570934ac0e72288c9,1
3c8637bee7fc8ea31d224b592ec7413c,1
6175dbb5f428f3b0a3ee5d7b1a91036e,2
6175dbb5f428f3b0a3ee5d7b1a91036e,3
6cf4f39efbfb0b89383af1943b26eb6b,1
1c5fa6498aa9bdecc72676c0ed7b77ba,2
70422a915a4383eea2823d41b5e44dd6,1
f818cfd11513f851b61a064bc28f29aa,1
70471370b5d39a9d782274b18c7c22f2,1
2c804dd3d9aa6cc5fc434f3cdbf2d943,1
ffdd7b9ac39bfdbb06a49de78abb0fc0,2
f2d2c5386c8c09d26f45c9f06f1759b2,1
e286de95ba2223d14db5dd93e5802701,1
1b4a30021dd841d895ea692bffeb5f00,1
914b3448ad6e6e73e74ae655beb156e8,1
43d33f341f0cbf709d9f2e98dcc07ef5,1
1e3c882c08ae0ea99f01d0b0764af3cc,1
79496dfc8a4ab626870aa782dfa3c40d,1
ca057bb35f1e577ce16dd24dd9567401,1
ab00713e12f6bdd07c85427289106801,2
f72867fe07317d278761deada16140af,1
dc6670bbeca06e1bdcf004aa92d8259c,1
d6c595f9a992fc387ecc442b9932691d,1
ed3478e28cbdaec0b0cd04cb47a0c528,2
a899f905b0eccf3f97fdd23e81534d5d,1
6785b84d5485c7fdd61c3ce4d77996cd,1
75f2e0c5a26456eddc948020ec6dda3e,1
f14428c128dd059d6ed898cbf8be3dbe,1
b1466981b4e98b9771309c8467ae2940,1
788f344150ddd2488708be7472557efb,1
aa5f08c604cc7b43d5b69e10e0afb169,1
05f0baec446c897064fe0d738639f025,1
66f746d8f0bcf88c6bc54c4559178fd3,2
a7cd94c276c1cd8d2721e4bb087a3cd9,1
564a6e676579427e8012651bae1ea3dd,1
60019a64b9307d80f6243835c6b71c81,1
dbe3f754a672289ad9d9e48018478b8e,1
4a6a3c1f47f94a7c4acbe96f40b6c561,1
74267f0f8399b4992fc7159a9adef7fc,1
d8b37d4c8cd77ddfc86fa8225b4a2535,1
38e8b490483c3cf54027d9678f4884d5,1
9e81550c8955e49bb30ad4357d50e4d9,1
e0c50cfb097ef9953e6b0150f45c2afc,1
b6e7335a89539a9b5fe172c1618b19fd,1
0a061e8b997f3b2b230867af0cf5c3c6,2
b636bac185533de3863ee3457f648f38,1
4d37f69246a360b0dbbbb5098bf2da94,1
42b8d7f59ca670799b318898ef506f32,1
ed89d6d6f706fecace67aa7edd082dab,1
a5c05f5ff239451f8d3372c18fab7009,1
6fba0b249a9fe6d366d096368e79044d,2
45316bb14535ecfb5341d5513ca66f56,1
00473dba30db16a77471a452f80850f8,1
ec91f098cf1f5c453b0f55c047bd5f63,1
a964162f7f1f44d64b551de56da95129,1
119ae723cb9394c7228c275187255a82,1
c2381a77cbfef5cc2a63907f8000f808,1
4d14ff2f04b9e33797cb46ff044179d5,1
faa8fbf53028d26067be8ac2ac1621b7,2
faa8fbf53028d26067be8ac2ac1621b7,5
71429d1cf2719e773d28969e48cfac95,1
e21dab054eb793a92388b2065392c5e7,7
541097e7e136236a4db856819ce0b60d,1
ee1d72d4f2fe58b8aac6ca406d98aa8f,1
89175d60e5f655588ce7d072d350d4c2,1
8a55a498b20bd484aca237c5e9c2cbb9,7
38ef00b649ac62166d22bff82f3a63ef,6
9127dd227a540c388656ba5f99229555,1
5cabaae949c9c7c500d5bd644285b2c5,1
b150405d4f738dcb7e18febfa5b30409,1
b6eb977008db7e69d2440a5c62b3d5d1,1
77d184d2bcecce6cf961c9097e672a8c,2
77d184d2bcecce6cf961c9097e672a8c,5
dfa2857aebc085d2968149ece3f3c8e3,1
839efb5ccbc112355b45f39b904e6dcb,1
47f9307e3b4a113f65dd3a1b77a22930,1
0437f4175bdbdf08ac3dbb94b1190a36,1
f81738dd631c975db8b9f6816658b2b6,1
d7f1e2feb195331291e3cfd7666a34f3,1
f3e98d98cc12924641b81a3412e82dd6,1
2f085cc8c2f304f73ab8c5718d6ae82d,1
e3343da9c202d0df4f04bceff28d4404,1
8d3320d2fbc75a8cad93f633b52f2bc9,1
67102d1d584d9a53a97d304bc803e8d3,1
3bc14beb568231ceaba3540e96037508,1
e8af8054944f4b865e88f720c35bb9f9,1
d5784b2feb346ac78c62597b8ea1fdbd,1
43003510c8bbbfdfef94543c521f6083,1
fdfc1c53ab0f099926f4d1d5401776ed,1
968d906126ef2b412e15e4d2a46bd341,1
eed579c4fd446be90bd1660204e49cd8,1
cb2eb692482c42fdabfae767fe68609e,1
33e1a59affa611c20f31c729c4d26366,1
0ebf075743d48207c7c03d5ff348ec12,1
aabde53e691a1c709000946d73ffca26,1
62186064d9fd9108fc4fb35da768738e,1
59395430d1408b6f8ce925a5c21b6a75,1
57bcfab9c1b3965b0278b505cbb0443a,7
4d2aea0715f50ab13c6c52d52511b328,1
96ae106fba1e7461a012926a222a582d,17
655c8b3ad0aeeca44b034ef385a82045,17
76ae4d7f6ec0ee61008f9318ec9a62e8,19
76ae4d7f6ec0ee61008f9318ec9a62e8,20
76ae4d7f6ec0ee61008f9318ec9a62e8,17
4bfe43856c1be280e6d6b517db7169f6,17
bcdeae8944e7fd909cde519469e82cf4,17
a70dd1456f1a40a928251e30ef3515c7,19
a70dd1456f1a40a928251e30ef3515c7,17
98573f848f622d428dc72c2e3e3c55f5,17
2c851acf06bf91c37d50e86a45d52f2c,19
2c851acf06bf91c37d50e86a45d52f2c,17
19902e7db476ac8cf57ffa4e341362de,19
8c3f38e14c8c412bb95d564e37865ec1,19
2327a466f6c0727820eb3c3b39358847,19
02768dcb7bf29292eec5a74dd6f9f87c,17
6fa731db64f2947e57ad8d44c1a42cb4,12
f5ca89cd36610bdb73d4aefb1cb6a38c,19
f5ca89cd36610bdb73d4aefb1cb6a38c,17
57398f986137ae8c3f9641ba73f4eb2d,19
677b6082a1618251bcd423f02feba0b1,19
6a99f13bb399edf89cca8df945b6d213,17
73c68a223c49ef09696409cb8091597d,19
73c68a223c49ef09696409cb8091597d,17
6869d90d880a6c14d03d6860a231c29d,17
61173c90a4f761cdc1908cc2afa61a00,19
0ce3875f857ba2244559639440563080,19
0ce3875f857ba2244559639440563080,12
0ce3875f857ba2244559639440563080,17
cf7196239f8e762e7b806a0e9b6cb804,17
aef1768bf07d632e672c9ef582bfcfde,19
e79d0d2eff2f3256e4daf8c87a333f67,19
e0c9bc58069b14b0132c42c4d8d85c52,19
af976f84117ba06052ecdac8b55dfa07,12
5dd79958352dd27b9c1f88310450431c,20
5dd79958352dd27b9c1f88310450431c,25
5dd79958352dd27b9c1f88310450431c,17
f101f03ff171c656bb57765e7869ee08,17
f80fbfb6e687d25d3fd7c60858047770,19
f80fbfb6e687d25d3fd7c60858047770,17
f2105df211ecf0a62b56d2a70df6164c,19
a9ef61b859bce2089927b035ff2cad47,17
f3908b313586c585d021ac4ca87960f3,19
39852d660e1fb623caf0ecaed957c46d,19
39852d660e1fb623caf0ecaed957c46d,17
78c5d59788e6d16773897869333fc3dd,19
78c5d59788e6d16773897869333fc3dd,20
78c5d59788e6d16773897869333fc3dd,27
78c5d59788e6d16773897869333fc3dd,17
7e70fd47fb304b323258547d737f7593,19
7e70fd47fb304b323258547d737f7593,17
2aec0678da3f89ddabce8872e17e24fc,19
5e9deec354a8fc9b8937933ba2113960,19
687404f05fcd48fe5b0ff342a012cb2a,19
8b702cfe8c94b1410f37689518190843,19
8b702cfe8c94b1410f37689518190843,20
8b702cfe8c94b1410f37689518190843,17
c97401c08d8298cfbf9d424c356848f5,25
f3093386a98aa0d5191159aea764034e,12
c730bb2212bf22328a0aba29cbe2aa3f,19
c730bb2212bf22328a0aba29cbe2aa3f,17
f049bb6aa68bf9e623d33270958eb32c,17
1364aebf2d834245e0f0149678fbca40,17
d12a6bfd54d4ebf731b4bd7db4aef9af,19
471c99b7fe84d79491d554826185b9f2,19
471c99b7fe84d79491d554826185b9f2,20
471c99b7fe84d79491d554826185b9f2,17
ec8e43ab2f66eb42304e6f7f7a8571ec,19
ec8e43ab2f66eb42304e6f7f7a8571ec,17
f7d4cdbfb1dbb6b723d2b49e80b9dcb9,19
61616c4c0c0b16fc35cd7b89a3130fad,19
61616c4c0c0b16fc35cd7b89a3130fad,17
5a3c1f57cbc9709abdb755b2d127ad17,19
debec4d4bd9fd8c8a4d4d5fb981d546a,12
2080d6364ee743feec892e25bbe27814,17
b6a873f982c468fe021b24ea75a1a3f5,19
b6a873f982c468fe021b24ea75a1a3f5,17
92fb53ae3a0c86da0291dffb23c19acf,19
260494408c9f37871aa7e426b3c75521,17
033655f27acb710024fa5b995f99e494,19
033655f27acb710024fa5b995f99e494,17
6dbcddca736b58b663833006cc84f345,19
6dbcddca736b58b663833006cc84f345,17
0c8839f93d7f4649d628bfb75ac793d5,19
0c8839f93d7f4649d628bfb75ac793d5,12
0c8839f93d7f4649d628bfb75ac793d5,17
6387b78a7b416b264b811a974d11e1a5,19
6387b78a7b416b264b811a974d11e1a5,17
7fae5351285c204d82dba32cb5e018ee,19
7fae5351285c204d82dba32cb5e018ee,12
7fae5351285c204d82dba32cb5e018ee,17
d5d1a579ad8a7733803d6a477c34f121,19
d5d1a579ad8a7733803d6a477c34f121,12
d5d1a579ad8a7733803d6a477c34f121,17
1226765226ed9c36d5bcf9e55f631264,17
659fb8d260231dc5f5a5b119abad355e,12
f5927ad02686bda7ce633977727a8d0e,19
94c76be6901bb723144e8934778bbbe6,19
94c76be6901bb723144e8934778bbbe6,17
bcbe4e0333792af97d49d4871940c2e3,19
bcbe4e0333792af97d49d4871940c2e3,20
627d8d6d1b9291240e3b024de2686230,19
9f31238965b1b91043afe500d5478da3,19
9f31238965b1b91043afe500d5478da3,25
1e1f5151b68d5091f58046145169b161,19
910ab6e944476e2718a001a41edb2a70,17
a15794103ec907bff5203b55d40e9d90,19
811e9a7c8975e7edfcf9f0dbee83d981,20
811e9a7c8975e7edfcf9f0dbee83d981,12
811e9a7c8975e7edfcf9f0dbee83d981,17
e809dd01e147f6658622dcbb0a6990d8,19
e809dd01e147f6658622dcbb0a6990d8,17
3ac613e01d37c08397d406366139e0f5,17
a2c678e1987cad995a930b3e98224b12,27
a2c678e1987cad995a930b3e98224b12,17
0f1bda16401083e4a5dae54c7f2831f6,19
ca4baea130916dde141e00d42a151b65,19
641cfbef8c803cfc5a9a5878fcf2743a,17
342579f0ca7d549eb47dcf9a15650baf,27
342579f0ca7d549eb47dcf9a15650baf,17
ae256f943ecb4ad27c8a0d616f473fe0,19
ae256f943ecb4ad27c8a0d616f473fe0,17
f4bc70513f62a01a399af79f66d89614,19
f4bc70513f62a01a399af79f66d89614,20
f4bc70513f62a01a399af79f66d89614,17
2b6ad3ec46cec809bc8c74855a054dbe,27
11584e7652c35a2393aa9babe2d5bfea,19
a5fff90bb0a231482d0c6de5a295b4ac,19
a5fff90bb0a231482d0c6de5a295b4ac,17
0d7b4f84cdd48979f4e3c2f6bba1fac4,19
0d7b4f84cdd48979f4e3c2f6bba1fac4,20
0d7b4f84cdd48979f4e3c2f6bba1fac4,17
59158e9880d6a6df982c302d82daaadb,17
b0ab07c73020fb93ff15471f88a03037,19
7341960cfca5c1ff03fb292394f3ce25,19
4a642221f74c862969bb7bec43ee83cf,17
265e81b64a92adbefb149ba1acbcaffd,19
265e81b64a92adbefb149ba1acbcaffd,17
34d9177f10029c26f5347976763e50f3,17
172f45aec37c8ad1647b8d3c03a30e1c,17
8658f3eeada42bd48e009a117ca872a1,17
bc1cd179e358da0f2ea48e242027c97d,17
8bb240add69ce440e8e1e24ea65fe835,19
8bb240add69ce440e8e1e24ea65fe835,12
8bb240add69ce440e8e1e24ea65fe835,17
8f5252ada06cab86962edb03eb98175b,17
342478537d6774e059034b30742dd208,19
2c9e2584c14f9faaeb4e8898356f60a2,27
2c9e2584c14f9faaeb4e8898356f60a2,17
06028c483eee8f3314c88c98473cb40d,19
06028c483eee8f3314c88c98473cb40d,12
06028c483eee8f3314c88c98473cb40d,17
c8700b366b16159a1797c3e3bc6bda6e,19
c8700b366b16159a1797c3e3bc6bda6e,17
dfe1c80320a68cc39ab2210c7c829140,17
b650e5140f01498f1332c47ac776fec8,12
e1f96f96f5b013d01f3ab41e3718d5e7,20
e1f96f96f5b013d01f3ab41e3718d5e7,17
a10ac08680f6a235b8767a10a446cd85,19
255f149273b50669041c592a46d046d9,19
443bb1d1b6fa74744a508b934f9e7ee3,12
c51b7b438d5608ce2568b47c3bce64c3,17
ca04a2b3f30bbd3ac317f92c484ac087,12
ca04a2b3f30bbd3ac317f92c484ac087,17
29d04a806897ef2adb5353d0fa40980f,19
1434700d9e1a8269ed7fae9367ebfbce,12
c50d4cd7ba2f59b8ed70309e6a990343,19
20720c9590ffc412742b4bd358bfe48e,19
20720c9590ffc412742b4bd358bfe48e,20
20720c9590ffc412742b4bd358bfe48e,17
9e9471409d1d05e923b9476e33c63865,19
9e9471409d1d05e923b9476e33c63865,17
e14c2b136639217081a9ede4a7341d53,27
e14c2b136639217081a9ede4a7341d53,17
dac2e63700dd3bce2182d29e45590413,12
dac2e63700dd3bce2182d29e45590413,17
72410db8cb003ae9ccae819293a6dfb4,19
72410db8cb003ae9ccae819293a6dfb4,12
72410db8cb003ae9ccae819293a6dfb4,17
4c91ef68af92d9c8024193f1b7301126,19
4c91ef68af92d9c8024193f1b7301126,17
94170ad32604810da8078f1fdbc2b6b5,19
94170ad32604810da8078f1fdbc2b6b5,17
0515908dfab9d84d0195b1334a2abedf,19
02af8fce4f1ad2093d7a1a5bb69fb57a,17
4ccc7721ecee2ddd4e4b9a8ea86890a6,19
4ccc7721ecee2ddd4e4b9a8ea86890a6,17
13e02fd3ac65db72daa5e088a2cb6c20,17
b5538ce6f5ee64cbc724580efe60b347,17
56f4ff1ee42c32f765b873fd1c3e4d03,20
56f4ff1ee42c32f765b873fd1c3e4d03,17
525ae202c0a429bb6f9c6394079c77a2,19
a5f6f13e7701b8507ba833f4c484c946,19
a156fc5a1fe321b7c8450208a22977be,19
904b608821bdc8dbf6c9d24bc3f7cc3c,19
904b608821bdc8dbf6c9d24bc3f7cc3c,12
5e00fcb276fca31bf20276c56f240003,19
5e00fcb276fca31bf20276c56f240003,17
18a1fe0fa55873f86f4bfe25c36967ca,17
c4f063f6de49899936f4e7df1738f356,19
81878d777fdf5e9e2a69541636a16997,19
81878d777fdf5e9e2a69541636a16997,17
46f420685c909e62f8008fc261127e15,19
46f420685c909e62f8008fc261127e15,17
4693098afa24f1ad2b0b05f024c72ed7,19
0fea5e1443c2a75fbe223860639b5118,12
1c3f6fa08c25a68cabde17c87effe405,19
a2d93c7fdbab434f7bac6b54d120230d,17
cb4dfdd19944f8336113e352be425ec9,12
4cf57ec28605e3903259cd7357b37846,17
99455cb2b2c021807a29bc01da6136ec,19
99455cb2b2c021807a29bc01da6136ec,12
99455cb2b2c021807a29bc01da6136ec,17
7fe9b309f401e83582921c858a76d740,19
f296ede794b8aecc8fad916bb3c64565,19
f296ede794b8aecc8fad916bb3c64565,12
f296ede794b8aecc8fad916bb3c64565,17
d3198c2ca27ba0700a09e16923765bac,19
75f60888c2d90329aeb6c7f400eb43b9,17
4f821e13d95d3a13036657f97457923e,12
fd1a2c4a4c6b51086188c96d0c5dc00c,17
30bb6fa01ba986158b7ce6f7189cf6c4,19
30bb6fa01ba986158b7ce6f7189cf6c4,17
88125b7b9dbf5c17fa327b371c89c9a3,19
435e5e4ab7c11dc05b7938b89c4c2880,19
f7d205b4017845d8024fb48741e3017a,17
30498c029cea3c727ed4966ca5d93070,12
23a097a8b425e36b7cf62c09e3e9aed4,20
23a097a8b425e36b7cf62c09e3e9aed4,25
23a097a8b425e36b7cf62c09e3e9aed4,17
4d8a1ee22e141a3d7191a3b20d1d80dd,17
50814e8655ae505add5a0fff2684c232,19
50814e8655ae505add5a0fff2684c232,17
c1fcd3bfed54532a0f9772d42c0eb352,19
af8989efbe99b373ebb69fe8f145aac5,17
1840219a7f219225e9c4868959e18271,27
5980635622700a1dd8ffa986eeb8a594,17
d56cc3b8ee6b3b1a865f7bad7e908c8c,20
d56cc3b8ee6b3b1a865f7bad7e908c8c,17
a2370a7222c2f3a6d501e58811f5fc5f,19
a2370a7222c2f3a6d501e58811f5fc5f,20
8c7300dfa1c7703bb2926560d81b3d74,19
51f9bb2a7a79533d2ee5fc8754655dcc,17
fd11513d3f494d8bad5b930d17f7cc01,19
fd11513d3f494d8bad5b930d17f7cc01,17
df040b75da0930bb29ed890ed91de952,17
638b4f93616ad9dbe55f70f9751b3a69,17
254110d147f564078797844f3cbb40f4,19
254110d147f564078797844f3cbb40f4,17
dac7480378915f86c4a9fabbcbabe50b,17
9cf9bfee3c016507f39a5527cfafc62c,19
d7839c8303baf118f6bc2ad1234d7471,17
dc509ba7d3451854783fe335cb077d8d,12
5e783f49ccc867fd95f4e802560aca1e,19
5e783f49ccc867fd95f4e802560aca1e,17
fea2a187acf02c8842caa700acdbf716,17
a19db9364739fdab78411055c29df354,19
a19db9364739fdab78411055c29df354,20
a19db9364739fdab78411055c29df354,17
8e5b60e4ffd005a4abd448f097c6d9f8,17
5fc30a4489949931be99ed6507315adb,17
594301e98c031c4e21c73e738dc01074,19
594301e98c031c4e21c73e738dc01074,17
2385f5921f0df9584353382203992b50,25
2385f5921f0df9584353382203992b50,17
00c5835e82ce024a14a4866d04cf049f,19
cd1eb583b4a2c6f7ab6b2d6a7f5b16d0,12
2969e6a30383edfcf4404cd05e4732a0,19
2969e6a30383edfcf4404cd05e4732a0,17
40f09742395a669a3a644a3a1a86b6d3,19
54912958c0dd2e0cd499cb134c3762ca,19
54912958c0dd2e0cd499cb134c3762ca,17
506b41035d9b08de110ed9520a70e8bd,19
c184fbad17d44c5c9a2cabedf29915b0,19
7dc7dfb611a97b89dcdc6876004b937d,19
7dc7dfb611a97b89dcdc6876004b937d,20
7dc7dfb611a97b89dcdc6876004b937d,17
047197c6625748f7bd70093da7a70dbf,19
047197c6625748f7bd70093da7a70dbf,12
047197c6625748f7bd70093da7a70dbf,17
9c08e4212a5acb5f60312ad9683ebc94,19
9c08e4212a5acb5f60312ad9683ebc94,12
624e3d991e4929cb0d46ea889896a1e0,19
308eda2529595315dabbb7d8b70ec118,12
1d20a4801e82184d2484734c1bc9c6ee,19
1d20a4801e82184d2484734c1bc9c6ee,17
f87b10260f9af07e16367ffff2a9a3a6,19
9651b1559f58f6a4e21bc644380dd7b3,19
f0eaf37e4e262fd07c22ccd484ce886d,19
95f5452790487e84325663209042fb21,19
95f5452790487e84325663209042fb21,25
95f5452790487e84325663209042fb21,17
4bc28a86a100aad449ab24417022fb4f,19
4bc28a86a100aad449ab24417022fb4f,12
4bc28a86a100aad449ab24417022fb4f,17
badab6ead11498dc0a547addb1b009bf,19
badab6ead11498dc0a547addb1b009bf,20
badab6ead11498dc0a547addb1b009bf,17
a260628b8173d59703d0d2f508f6195b,17
a0969669146ec261de8c8eaae311a417,20
a0969669146ec261de8c8eaae311a417,17
12ee35e239ee51e489642a156bf7f577,12
6550b6d17d2769762d22109002312f46,27
01e75d90ecce6e1487ae40890f94d43b,19
d98306f1f546e78a00bf9b655abededb,17
cffd24475150b252edf574509cace3e1,19
c6c01ec65ff7c8d7bacf03681ec9aa1f,19
495de46a98d5fe71258522be61aaf2cf,12
495de46a98d5fe71258522be61aaf2cf,17
339a22bc413fbcb8dedfa395e19ca291,19
339a22bc413fbcb8dedfa395e19ca291,12
901ea08b30f5af43b3da90511ece62ff,27
901ea08b30f5af43b3da90511ece62ff,17
e0f37682bcb91bec3dc7f14471cfea8b,17
77ac8e6359433f613a6261dff636036d,19
83dfef7120028352c3a42f51dd1e6f37,19
83dfef7120028352c3a42f51dd1e6f37,17
dd682217b048b64ef8c92d6a7801c6ed,19
dd682217b048b64ef8c92d6a7801c6ed,17
2ceafdad48b5bccf0ff584da328695a2,19
25debcc918f691a380c93b690dd19b5f,19
3701cd9b0ad5afd88c474be2303390ca,17
d2d0e67f75cadc4ce075e228642a50c4,19
d2d0e67f75cadc4ce075e228642a50c4,20
6fba0b249a9fe6d366d096368e79044d,19
6fba0b249a9fe6d366d096368e79044d,12
6fba0b249a9fe6d366d096368e79044d,17
b48cfc1e88dde29f631d22a7b6675d49,19
959f93105f8cdf8df575f432617657fc,19
959f93105f8cdf8df575f432617657fc,20
959f93105f8cdf8df575f432617657fc,17
8dfec7ac9c347bdeab49f52649c8af9a,19
8dfec7ac9c347bdeab49f52649c8af9a,17
5fbf78afb3c2916aae49a0284fda3f12,19
79927d4a9321033f5f7e18515fba2b38,17
f45739e9e0e8ce119c0a46cd1db10b90,17
f3cdbd5b79ae8f00ac80fd986ed75cec,19
d6f1deea307f66ff554255683ead563c,20
d6f1deea307f66ff554255683ead563c,17
7b12043006a8ff0d3214664807f94b21,19
7dba2ce8f262d2eb7c65abb0aba7c890,12
4d54f7878f3c60613f3f0dc5170bef5e,19
3c9c6f8459ce0a7c6b31b0588602511b,17
4e421954c24dbd0bcb0f8610af731cfb,17
faa28548a976b41a6261f64b7d3e931c,19
faa28548a976b41a6261f64b7d3e931c,20
faa28548a976b41a6261f64b7d3e931c,17
dc7b41eb400599c5605c3b5ea9fffd00,19
5f46273e95e377310fe43ab7a2127568,19
5f46273e95e377310fe43ab7a2127568,17
acb09a18747cdd83e061a4775cf3decf,20
acb09a18747cdd83e061a4775cf3decf,25
acb09a18747cdd83e061a4775cf3decf,17
81df9ae8e85fef4d98b0ff8f7d55b62a,12
6e0d6cc98eabd6f08fd22029fcac2127,19
33478a58892965ba1332080821d15037,19
384956107cd9767a4c2e317169a26994,19
cef14a2502d0ec0f022b691cd403526d,17
14dc602e5b6c68beba07283dc4bca363,19
14dc602e5b6c68beba07283dc4bca363,17
ff52538881f532de88300eab9a77af63,27
ff52538881f532de88300eab9a77af63,17
6240c3492e6ef1637500a4d312b42bdb,19
6240c3492e6ef1637500a4d312b42bdb,17
826e7680954ad619a81dfa11202d5778,20
826e7680954ad619a81dfa11202d5778,25
826e7680954ad619a81dfa11202d5778,17
d887f8c37f86dba6b0a168b7fe45722c,19
56fbbaa84e9f14debf0f01e4c9c4d796,19
56fbbaa84e9f14debf0f01e4c9c4d796,17
5391a19b326fafffc4eb334f928317e6,17
281afc334585571feed0d9b805ca3b3c,17
7f62fc7803206f56b902c0d0e382e793,19
0b4279158672c5f8f3adf9068e0da409,19
f98554f64901a73d03784afd100902a1,19
f98554f64901a73d03784afd100902a1,27
f98554f64901a73d03784afd100902a1,17
88cb019630bb34af8bcd0ec869efa5ea,19
faf84ebe7b1db46cce91b2b6b15a8bf9,19
55cb607d1eb24215ce7f3eea8aa1e192,19
24511afe95901c4e6e5f69eaf9798aa1,19
24511afe95901c4e6e5f69eaf9798aa1,25
8403a1e8d6e1087868f96c5866d62661,19
5e50d9aa64d52594ea44b8708c2f607b,19
5e50d9aa64d52594ea44b8708c2f607b,12
5e50d9aa64d52594ea44b8708c2f607b,17
3ec99216850c58fb958b2ec5bcb0d2ad,19
c7f4c574548d30eba5a929b39e1d91af,19
0caa466e90733e74d6a32029e9821642,19
0caa466e90733e74d6a32029e9821642,20
0caa466e90733e74d6a32029e9821642,25
0caa466e90733e74d6a32029e9821642,17
39873bc6679d7a6349c92cd7c9d974ea,19
a2c5a25791f4073187a95ab659bcfef5,17
fe4d14a700797ad3cc18c0190d5815d7,19
2f3aa8f67911ad0fab569278bfe45b20,19
0626decc4587fe764344c003425a2b80,19
0626decc4587fe764344c003425a2b80,17
903892d4fedbb18d5aba8f1d95ff1f9c,19
903892d4fedbb18d5aba8f1d95ff1f9c,12
903892d4fedbb18d5aba8f1d95ff1f9c,17
c7deaf797012effb003bc9249ebe8d8b,17
3a26d777e900fa1a907410a30a06923f,12
9fc768e3286062f739b198091f1dc5b0,19
9fc768e3286062f739b198091f1dc5b0,20
9fc768e3286062f739b198091f1dc5b0,17
a40176f38d2279f897265d44cf369b23,19
a40176f38d2279f897265d44cf369b23,17
7ca2ef6011062fe131eb3b72d77ae2ad,17
67ad87eaa198e1e3858e1f1cf349e0dc,17
83944c4d1de2d2a5791510bb2e91a48c,17
0bc51471e391565ab08dab34833f3b82,17
ef3d56850958500ee8a258bb95dcdcdf,19
ef3d56850958500ee8a258bb95dcdcdf,17
3a90c77c1697a1546ea99ecfdf6caf26,19
65f1d623e74ed23073497bc1f534cf14,17
322aa76d26ec13a5f495950e63614f6f,12
9d780e5946c32dfde226f326ba511689,19
0643563ffeb88abeb870cd10982a3891,37
04443ecf493a05761197ce44b2b91039,37
5e12e5f3764217290f05d734c081f44e,37
ba9b9c25cbb737369245a9b06d6cff42,37
0cf79d8b72ab0c346e4a307afafeec60,38
1f3dd954942a5e88c76a392418fc129a,37
fd413bbecb633683a6761f80be9181f0,37
add8eb3734e4655be03a0bd732870f61,37
5380177d5a235e67a3079aa402d5413a,3
894b644825e997da706eecce45587bfd,37
e95d0fb5b711348945995acc0a23d68f,3
cf7567910b9ad3b955a9942a88d5774b,38
e54d3e229c9a339b56b43fafc50f9b57,37
b5e4311d58efc78450865cadf4c4a3b5,37
7ea19da3fe9235b0e69cf8e7966a78f2,2
4b69853c0c0f48dbb3ab7ea05f910e98,37
554bb22bbf2e508ce083115fa3621486,38
61f897fec225401ac1a0ffc2745c6dd8,37
01e564eea52292a5487c0e39a9c0115b,38
a088c3c1cd511ebc4686385b4c901d81,3
d9d7113c526ad5ba3c125c29e7024d67,2
52098ae3b1c88eecc13d3d47b3db9181,37
365cfde7265924b5370fd5fdfc549762,38
1af82e91b2c98778f90d7cf2ce4220e1,37
c9ed8482a0580f1b301dadfe8d905f67,37
4bbcdef7ae27fe8a1dde58998e256313,3
39cc19de19d1af73d0e8be546f058b42,37
2402e12c728a208afaa32fe9abe2e24a,37
85eb950028dc4f7c760964f79bfe2b26,37
7e57cc47376cc09c1d4601ea04733cd9,38
fe7cfbab57365f881a499a0d4d95377f,3
d390008b3a506ca1d96b269a91565187,37
8f77140002b2c752fc00029894085851,37
e0e28b787b7e0e9475833309d95287a4,37
d51d8c078dab1676b4c24b67fc66d4dd,38
24b766dcc54aa7470ca7e402eee1a33a,37
61097ea0b3ca27274b8de30f317ca346,37
38feacc9dfbdde04585ead32fa5eece1,37
3562ced5d136a5326572b94d8b074463,2
2b181fecc8d5533ca1bc8eae0cf437b4,37
3ec661e7c1211c1ef558ebff11ba8655,2
a1c79cf4cb95f3e13719e6762018e4f2,38
c7b2492911f1799f04aa0753c08ed567,38
c7b2492911f1799f04aa0753c08ed567,37
17616f03d63d1c483336c7b232f057c2,37
eab412eff6e4986bead75a4752e46cc7,38
d8a02979d2829415b1b87a300ce96d86,38
4cf2d59bceb3ed122af69546476551c9,38
e0c50cfb097ef9953e6b0150f45c2afc,38
bdc1a8800cb00717885b5c90fbcab0b9,2
1712bcd0cb7f0ec85ed1825eb4665e28,2
d6bea11bba17f549660904a4bc7e669f,2
0aae05928abb6a83a51cbfd42d935b69,37
0b012d0a22f60977b1a926fb5396df01,38
34d718f1cd9d10f46749a48041456be4,2
25aeedc1de860b9780d09883f7526c0e,37
3b6c1f21978309c1de3fc6d004e5f630,37
b32134168f30b2c633e3d02615c975c6,2
030edaf9011b1ce30f55f11ddb9a57c5,37
97cb86c824c259920ddbf310545558b9,2
d68c2f3c22492b0b69503bf5af16eb25,37
8023a643cd263b9ef8a530ae4a2990d7,38
4d87343c2bed0a962ab365cadf9c3f9c,38
e21dab054eb793a92388b2065392c5e7,37
53724622c04b477dade2111f371a6871,37
09cf44cab51a171d95f9a8c13c8e41a1,37
1732b0b9c1dda56feb98bd12eafd0424,2
7c4cbac341769f758f433b3f2e0c08c9,2
7c4cbac341769f758f433b3f2e0c08c9,38
dfa2857aebc085d2968149ece3f3c8e3,37
8d974ba88f593b800d77db6dc6f1f0f1,2
bd002372397ef11113ba41fe8c4ec1a6,3
7cac50cb4bc5ad50b868707d98e2c435,37
b8041c2188b14f95cef1b5b2cb36eb67,37
fcded076be31aa7f99cd59ee38e8095c,37
dfe1c80320a68cc39ab2210c7c829140,39
445d739064721895aab8cbcb10b9a601,37
a3d8bfd5d200e41f93592a3d82765130,37
82af32ac88788d88e098803b8faab1b8,37
b2ae56cdec6ed79aced0fc616298d073,37
256da1be740c11a66fdec0c7102bf96f,37
fabf1d2bf0aaafab68f7b2c3dc9e4e5c,37
52df375960b57d141d4a616d1b76e93e,37
d78aacfccd4e6f2157c6ea88438741c2,37
bbecce8638cc609716b1a8f3057cd858,37
671d2ecc692047456ad33feddceadca3,37
d9f8204212bfa76133e73018379feee9,2
bf906e4e69a3f0864cf079fc194eed1b,37
e01d193bbc3d825218496f02b85dc88f,37
4514b86e7b33fc65ee8f43de0e68ad3b,37
f3650a7f244c863c16512591370c454d,3
2ee550b3bcb3e794a5721059ba985ceb,37
b9c6bd4c9d0fe633e1193675837b4a29,37
9b1c032f1fa1be01be649c5c598b327d,37
b8067c5e813a8dd9a9999ea22b361fd4,37
e4a1d801c23cd0572972d9ad59d14c02,37
7b3573ddc2a808fcd447db94e22d3ac4,37
b5538ce6f5ee64cbc724580efe60b347,37
118c44a111b807ee8150f8ae25d1ca50,38
4f89264b58ac80d3dfe1c7d31549a30c,38
be3faa8bc73a1d2d09575d61ea015c2b,38
6ec15271bee601ef885a10f49e3910a1,37
640432223549c49dafcbf4b68fcdde71,2
eab4756116ba1246da4acf3ab303b173,3
da30049ad4ab038464e5af011b96ef73,37
c9127699f9a374ed918550f552928c21,38
c9127699f9a374ed918550f552928c21,37
a7e2dab0729304a47ef5577c63300de6,38
43bae3f8c01c6a7f9c6fac09befc3041,2
dc4efdef7c07b9069c2d47f902257d09,37
65ced50aef5733e0af22dedcdbe5d459,37
099ceb66d09b6d87b0fe5d305cbae94e,37
d11b3645b1c92265f0948b446b3c3782,3
1861fc92e38e56038410758af021a739,37
52481e10e7a5ebc5266e51ef7d234ecf,37
edc39113335be8db9cde28f3d7e3e8ab,37
66ccf888166e100ecdae6dc15b5b4ab6,2
21c535efc8fca9cf39c3a30c61a0a8f8,38
ac0895d39170e55f4291d527a06f71fc,37
0b776ea7d29c04de8ec5d2656ffe59e1,37
4a91f3f4737fb9f4db42f27969469511,37
8f7e86d3feb94a434b529c72db29d8ea,37
b56febeca94d591051d7e77518d3b010,40
27049bceb3ce6dbfedbe524e184c4b73,42
27049bceb3ce6dbfedbe524e184c4b73,12
19b0046045e62aa0b482cd1e04393a6b,12
f02ed5004d566b7e5d8bd12026e7348a,42
2aeb72fc98be939e4dcd29acec62a08a,40
426643fbbf28607151af5e2aa81239e9,12
eaeaf21704062c198a181b1e4e79f12a,40
997d5ec3264674c302d9d5d4faf74989,40
772798a61efdaf03ba6d8848994741d9,42
772798a61efdaf03ba6d8848994741d9,43
582826c9f8abf1ecba2d36991fc3f26a,40
210122405b07d6afc1758331cd8f8a2a,40
dde570982e5aefe00fa0210c669e9b09,42
205b5a6b871ba5689ebf8d9718a9c2ab,40
fb15c6f2b714994a30c5ab424c052afc,40
bdb5cfe39d33a9f45d43b91c7ed21ba3,42
7500df3e60ff4756926252536f956f65,42
7500df3e60ff4756926252536f956f65,44
d57bf05912759edf98e4c57611cc213f,42
0e27179ff1bf085bbba1053cbc88d3c6,42
0e27179ff1bf085bbba1053cbc88d3c6,40
0e27179ff1bf085bbba1053cbc88d3c6,44
0e27179ff1bf085bbba1053cbc88d3c6,12
0d22af7dffbbbcb1ed9ce302485f9423,40
0d22af7dffbbbcb1ed9ce302485f9423,12
1e3902b6cc244c76eceed66445180619,40
e617df784ddd4dad9b7cec899a435583,42
e617df784ddd4dad9b7cec899a435583,40
81b776c79783310a43853863cacd225a,40
834d305acb1a6a42c4dde2584d741218,40
834d305acb1a6a42c4dde2584d741218,42
d59cd112a3b6d3b5201a485415c1dd5f,42
d59cd112a3b6d3b5201a485415c1dd5f,40
d59cd112a3b6d3b5201a485415c1dd5f,44
d59cd112a3b6d3b5201a485415c1dd5f,12
4be307596d8b2fe6ed8eb14d5da3e609,40
29b24e51c1443f49af8ee76015d8857f,42
e51e796238bce6eb19e77244d5ea12d7,42
d8d063a2d4d435d622264a224443ba31,42
d8d063a2d4d435d622264a224443ba31,12
8fe4341f8d98efbb8bb0881573d2485a,40
3cde76b935d09283206c932d0c359edf,40
fe7cfbab57365f881a499a0d4d95377f,42
f1b4749b4f79b744b6edfa24056daac0,40
28e3b4bd2e7cba736a336e81a19845ec,42
28e3b4bd2e7cba736a336e81a19845ec,40
814338d59351b9247519204275891d7d,40
39211465523cde2926e4c11d7cca2005,40
fd316bbcb04f17159544103652ecb8d6,40
1328efb4173b1704be69303d13e034e7,40
e9d05e099774ca6d46aa6cacbe939278,40
5651b2bb2813f631ab91dfd9a8a63fdd,40
beae8c94e46a688ed1b72cc461972e53,42
6a2e47c0ffe490e550884452646a546a,42
6a2e47c0ffe490e550884452646a546a,40
6a2e47c0ffe490e550884452646a546a,44
6a2e47c0ffe490e550884452646a546a,12
6ece28188696a73cd19e798d4bfb2e92,42
6ece28188696a73cd19e798d4bfb2e92,46
6ece28188696a73cd19e798d4bfb2e92,44
6ece28188696a73cd19e798d4bfb2e92,12
c97fe6011808371548b2abbff2d7d497,42
52597e3c2dd96105952c7d9b57d09ac4,42
dcdcf33b84161b9624211ff14ec4c10e,40
3edd073fbb6632d82b1f37800fb83678,12
d73dd746f70cb9ab0df5bdca35a9957d,42
9fd0ae7be00ff2f24f57f76c752305d9,12
62b51b2508a245df80b59bab0b205bda,40
00f4635717aa5b4c844505b76dc8829e,40
5efe6e6a680972424101da41fb619a55,42
5efe6e6a680972424101da41fb619a55,40
5efe6e6a680972424101da41fb619a55,44
5efe6e6a680972424101da41fb619a55,12
ffa951fb168e11c17eb7e2c6d97411bc,42
ef8dcbbef8d3857f52ece23c604313af,44
ef8dcbbef8d3857f52ece23c604313af,42
200752b267e2deb3a9c03a1ea2625873,42
5ddab5d7c2fed8ff2570ea7e32514ff1,12
18e1e6a9d5faf86ee9d69e8d956f1440,40
18e1e6a9d5faf86ee9d69e8d956f1440,12
18e1e6a9d5faf86ee9d69e8d956f1440,44
856f242280137b9d7fbfddf39f46ab7d,40
856f242280137b9d7fbfddf39f46ab7d,42
8b4008be3abecb07697463f267f3f069,3
8b4008be3abecb07697463f267f3f069,12
41cb59f99ad02469eac6e58ff9417a41,12
c7f0dfe69221b4fbd46c487065fd44ef,40
ed6be868bf9eac05a972e6ae89f0fd45,42
390ba500f75e842e82b7d0f7d1b5e1bb,40
04d1bc5d80d733ca73cda26085b4390c,42
04d1bc5d80d733ca73cda26085b4390c,12
01079b8ba844a3ed62845cae4d215a91,42
34121abf273e669e7067c954d14cc2f8,40
9ed52bc7780a2f1ee61060baca416d71,42
37c6a78752e52291d71418dcfb0514a9,42
37c6a78752e52291d71418dcfb0514a9,40
37c6a78752e52291d71418dcfb0514a9,44
37c6a78752e52291d71418dcfb0514a9,12
0df883f36db60bad23add8c341c2082f,42
08261699bfb1a9550bc325a84a458121,40
9cc39bc2b73e450095983bfd19d7647a,42
b8fef677129fdb53177fb7b365b734a1,40
edbe0bc8467460f208d52aa9ff8c7e68,42
a7da4ffea598c562f0f6211a5806d833,40
2f85611a31dc99bddd60191e7592f575,42
4fbb020b6c1ddf40f761590939b72036,42
4fbb020b6c1ddf40f761590939b72036,12
eedc0274179470c51243c9bd9ff17fa1,40
c29c3e7caf47c576f6db52e754a77fcb,42
81198153a957b4538984376e65aa524e,42
81198153a957b4538984376e65aa524e,40
81198153a957b4538984376e65aa524e,44
81198153a957b4538984376e65aa524e,12
6e780752afc5a64dbd07d7499af0292d,42
6e780752afc5a64dbd07d7499af0292d,12
0e3432336cdf09384a5df9894b77ee05,40
3b400ee2698df4d8fa16857ac5e9ba83,12
3b400ee2698df4d8fa16857ac5e9ba83,44
27b533af1f01ad88f877b6361b2d7b1a,42
27b533af1f01ad88f877b6361b2d7b1a,12
a62665660388a6cd17ced7bf18f9d5ad,42
1650650de7c1429fc1788e80d53f5f94,42
0c54b29b0cd93a3d5f0c84469032458c,40
06300e95125044309535c081d844bc49,40
fe3d1ee8712c4c44cb17405c616f87a0,42
b988e4a3cc07fcc4d5d629992e1dd4bc,40
a58d64d46f8c18c4aec2f57ef1724549,40
d0be3cd1e6120c0fd917033ad1b6657b,42
c9406d841c75836976044b4dd11e13b9,47
24abbac7c9216dc227abe410d350f26d,42
51ef8509c90f717e0a34bb465adbaca2,40
046b3d80c88d6ba9ab90666c9e8fe513,42
046b3d80c88d6ba9ab90666c9e8fe513,12
ae9fd9992f842dfc3f1212f2606013c1,40
9c282715b6f138d58f347711e878d4d5,42
9c282715b6f138d58f347711e878d4d5,43
9c282715b6f138d58f347711e878d4d5,44
52eedc40f8988015d70e6b8ae0bbe728,19
52eedc40f8988015d70e6b8ae0bbe728,3
435ab7973a84cb25f4b072c421cea35b,48
b2afc86d843ffe543d594c60e4f30e2a,40
4ccd1754e68486c888e345d690340e51,40
c7bc624115f1700ac2d2698dea1252d7,42
c7bc624115f1700ac2d2698dea1252d7,12
46ea3ba373d57b39c5f1eebdc6736c37,42
46ea3ba373d57b39c5f1eebdc6736c37,40
46ea3ba373d57b39c5f1eebdc6736c37,44
46ea3ba373d57b39c5f1eebdc6736c37,12
424eb34a9a79f8c15e3311a626e31205,44
cd4288f3b5d5ed14217c92a19d75c9d9,42
cd4288f3b5d5ed14217c92a19d75c9d9,40
cd4288f3b5d5ed14217c92a19d75c9d9,44
cd4288f3b5d5ed14217c92a19d75c9d9,12
9b6f077bbe7d9867102a812d2c964cf9,42
55a04cde592c938ced12988405d504da,40
d63b2d50f82d1d70811955782645fd0f,42
d63b2d50f82d1d70811955782645fd0f,44
0b824ee5751e80e1be660173a406642c,42
801e30bb15fa25121ea19e4f54ca3b1e,40
0fc528af7c188534fc8634e4742e4017,42
0fc528af7c188534fc8634e4742e4017,40
0fc528af7c188534fc8634e4742e4017,44
0fc528af7c188534fc8634e4742e4017,12
629ed7e1c228510f6ddc0967aa068f87,12
7b2cb60935bb6c097bd899a0c7e2d2b4,40
9ef5d10680618847a1827e665f0cb816,42
90f2bfd4176602cd2b58e5c09f657823,40
90f2bfd4176602cd2b58e5c09f657823,42
ac94986e90852b958c2016394068f204,40
ac94986e90852b958c2016394068f204,42
2317d34ac56f83c149e58dcef5afc1cb,42
2317d34ac56f83c149e58dcef5afc1cb,40
2317d34ac56f83c149e58dcef5afc1cb,44
2317d34ac56f83c149e58dcef5afc1cb,12
6ee7c89e64998e4d482cc504fdb07ceb,42
21c535efc8fca9cf39c3a30c61a0a8f8,42
21c535efc8fca9cf39c3a30c61a0a8f8,12
f80a052836854416ab50f8acc483b111,40
d15dfe84cccbf7cf81b4d8e2e9724046,42
d15dfe84cccbf7cf81b4d8e2e9724046,40
d15dfe84cccbf7cf81b4d8e2e9724046,44
d15dfe84cccbf7cf81b4d8e2e9724046,12
0a758463f8f3abd6f1d3472fda77304c,12
5dbaacee095f73ab033574495ac8aaba,40
29808a203efc8dccfa3f8ae244948270,50
ae3b73e99a74a62a1845b2564badd595,52
b0670bce86971bb2c3082b7a8cfccacc,50
9164039dfeaaed072c08829dc69439a5,52
d4f04e22c8a602c39104e7bdf3210d12,52
61c370d0b7ce19da9f6dd059d46de900,50
4e677929ccae66b35bd31bd5a86b22b4,50
e5b4f99521a5c96aca828427c96d5dd2,52
7574be74295b2cf0df4b9d09b97d0420,52
f7efd1fcb665df58ddb44dbc0e086268,50
f236c97a3f7521120687802a7d3108a2,50
7683343656cece8e9d6e26d2f69ee266,50
add2dd9056ba966c369dccfa829f3458,52
2ee550b3bcb3e794a5721059ba985ceb,52
116e2886f3f56b43b8abd00897dbfeca,50
0c2e57f3dca2eca3df218cb032f663c4,52
0588659fe1b06f8e5b31071a494a9483,50
87ce7a2c69509ece6fbb75a4c9167588,53
87ce7a2c69509ece6fbb75a4c9167588,52
87ce7a2c69509ece6fbb75a4c9167588,50
e0e28b787b7e0e9475833309d95287a4,52
bb818d103a456463a4f73d3475c0bebc,50
f4e8cdbcdeb42d540b96249ca27b8801,52
f3ee4cfa99d227097bf9272d7e15248f,52
ecc1f74ac11be28def1b71f8ecc923c2,50
3f962d059e7c3581edfc7b9dcc70c980,52
0cc81dabcbbf37faf95ca5e694edc3bb,50
bd99acdf99f1ff9f4d0b813a6f79c8cc,52
e43c6dc324fca3d3fb622a05673e11ba,50
ff03ef17c26444027c3de79d8564b1c8,50
a59e682385a63fc60bf28fab853fc4bb,50
0611354e732971cc0e49b1ef44e94d96,50
56725fe81faf47535e90c03f67b2d484,52
b03eb53926991d6ffd8939f94e441892,52
66bf72c95a5d38a7d2d6e75cb6fb72ba,52
59fd12c3290a9fa3ca8c92d26a498221,50
43a8561b834b2ff9c92713e2ddd26f0f,50
1b7bd6d21f41d6ad2a5a30f35c3549a9,50
e0c50cfb097ef9953e6b0150f45c2afc,53
e0c50cfb097ef9953e6b0150f45c2afc,52
e0c50cfb097ef9953e6b0150f45c2afc,50
3708a0fb65453380e5591b581033d35f,53
3708a0fb65453380e5591b581033d35f,52
3708a0fb65453380e5591b581033d35f,50
959d392fdc68eb5a9c74b8e4bfd55f94,52
3a5d3a2afac997fdd55aaa057173f751,52
4043a590339441557fef0a2c72cdacab,50
ababfda8a1156c56da8939e0d736b6ad,52
6ae5af110b0c5d9dcae9d894635df34b,50
